ACID,D2D,PD,EAD,LGD,K,RWA,Risk Wt,Res Exp,Provision
115525663_145654031076_2016-09-30,1.3,0.5183,50000.0,0.6889,0.1927,120449.0,240.9,34.0,3.0
006221191_061151000057_2017-12-31,0.0,0.9989,47500.0,1.0,0.0011,627.0,1.32,581.0,58.0
100038537_056454023750_2016-12-31,0.0,0.9997,333386.0,1.0,0.0003,1161.0,0.35,20.0,2.0
100528142_064951023841_2016-09-30,0.0,0.9985,3800000.0,0.7621,0.0012,55845.0,1.47,2.0,0.0
103026407_060351023957_2018-03-31,0.0,0.9998,175000.0,1.0,0.0002,410.0,0.23,8.0,1.0
006221605_061154023814_2017-03-31,0.0,0.9997,95000.0,1.0,0.0003,366.0,0.39,18.0,2.0
115834824_145654031077_2016-09-30,3.5,0.1535,30000.0,0.6527,0.1129,42346.0,141.15,54.0,3.0
111746936_029313023905_2017-09-30,0.0,0.9874,1048516.0,0.9349,0.0115,151228.0,14.42,179.0,18.0
103058316_060351023958_2016-06-30,0.0,0.984,175000.0,0.7611,0.0119,25968.0,14.84,7.0,1.0
003329382_060354024113_2017-09-30,0.0,0.9984,600000.0,0.9916,0.0016,11763.0,1.96,3.0,0.0
102487023_023554031085_2015-09-30,0.0,0.9983,30000.0,0.8523,0.0014,534.0,1.78,0.0,0.0
113599247_127413031790_2016-03-31,6.0,0.0298,1104016.0,0.9331,0.0821,1132452.0,102.58,12.0,0.0
003329397_060354000155_2018-06-30,0.0,0.9998,10000.0,1.0,0.0002,22.0,0.22,1.0,0.0
113737352_127454031900_2017-06-30,0.2,0.9189,127500.0,0.9421,0.07,111560.0,87.5,19.0,2.0
112409929_029313023859_2017-09-30,1.6,0.4436,1671626.0,0.6862,0.1953,4081430.0,244.16,463.0,44.0
114359228_183454031009_2015-09-30,4.6,0.0761,182000.0,0.3988,0.0464,105658.0,58.05,9.0,0.0
114359228_183454031009_2017-12-31,0.0,0.9926,182000.0,0.9863,0.0072,16407.0,9.01,12.0,1.0
114487401_183454031011_2016-12-31,1.2,0.5391,137000.0,0.7189,0.1986,340128.0,248.27,14.0,1.0
109372770_133754031429_2017-03-31,0.1,0.9504,134000.0,0.8175,0.0383,64097.0,47.83,27.0,3.0
003329428_060354000186_2015-09-30,0.0,0.9996,25000.0,1.0,0.0004,110.0,0.44,0.0,0.0
003329428_060354000186_2015-09-30,0.0,0.9996,25000.0,1.0,0.0004,110.0,0.44,0.0,0.0
101878069_071013023848_2016-06-30,1.9,0.3757,1048516.0,0.524,0.1458,1910838.0,182.24,170.0,16.0
003328946_060354000003_2017-03-31,0.0,0.9996,450000.0,0.9823,0.0004,2132.0,0.47,7.0,1.0
103526620_060313024051_2015-09-30,0.1,0.9558,1689626.0,0.5861,0.0246,519639.0,30.75,1.0,0.0
011516958_034254031026_2016-09-30,0.0,0.9999,22500.0,0.9274,0.0001,32.0,0.14,334.0,33.0
109540255_027254031323_2017-09-30,0.9,0.644,105300.0,0.9204,0.2263,297821.0,282.83,29.0,3.0
100414162_058651023866_2016-12-31,0.0,0.9992,2300000.0,0.9035,0.0008,21945.0,0.95,1.0,0.0
103553616_060357031013_2016-03-31,0.0,0.9993,1200000.0,0.9435,0.0007,10252.0,0.85,1.0,0.0
110960618_145454031006_2017-06-30,0.0,0.9909,37500.0,0.8677,0.0078,3645.0,9.72,65.0,6.0
003325412_060354023954_2017-06-30,0.0,0.9994,100000.0,1.0,0.0006,724.0,0.72,16.0,2.0
114563430_029313023851_2016-06-30,0.2,0.9001,1048516.0,0.0,0.0,0.0,0.0,175194.0,17418.0
103555649_034254031065_2017-03-31,0.0,0.9994,28000.0,0.9155,0.0005,185.0,0.66,50.0,5.0
103553616_060357031013_2018-03-31,0.0,0.9997,1200000.0,0.8867,0.0002,3535.0,0.29,16.0,2.0
103572482_034251031222_2015-12-31,4.0,0.112,59950.0,0.7441,0.105,78694.0,131.27,1.0,0.0
003328981_060354000035_2015-09-30,0.0,0.9985,50000.0,0.9642,0.0014,905.0,1.81,1.0,0.0
102316508_064954023776_2016-09-30,0.2,0.8939,6114550.0,0.8116,0.0771,5895689.0,96.42,1.0,0.0
103728372_034254031075_2015-09-30,0.3,0.8729,23750.0,0.3662,0.0409,12137.0,51.1,1.0,0.0
113114064_145413031026_2018-03-31,0.3,0.8619,1943516.0,0.9601,0.1153,2800208.0,144.08,1.0,0.0
011153971_074554031217_2018-03-31,0.3,0.8637,50000.0,0.9615,0.1141,71310.0,142.62,84.0,8.0
003329002_060354000053_2017-06-30,0.0,0.9991,22500.0,1.0,0.0009,251.0,1.12,92.0,9.0
003329011_060354000062_2017-09-30,0.0,0.9983,20000.0,1.0,0.0017,432.0,2.16,87.0,9.0
003329018_060354000069_2017-06-30,0.0,0.9978,10000.0,1.0,0.0022,275.0,2.75,830.0,83.0
004846228_061754000025_2016-12-31,0.0,0.9998,480000.0,0.9962,0.0002,1279.0,0.27,3.0,0.0
103728386_034254031077_2016-06-30,0.0,0.9847,23750.0,0.0065,0.0001,29.0,0.12,235.0,23.0
004846242_061754000030_2015-09-30,0.0,0.9997,500000.0,0.9768,0.0003,2059.0,0.41,0.0,0.0
110015334_027251031243_2017-09-30,0.0,0.9982,196300.0,0.8728,0.0016,3854.0,1.96,8.0,1.0
006222996_061151000024_2017-06-30,0.0,0.9994,189000.0,0.9753,0.0006,1356.0,0.72,13.0,1.0
006223016_061151000037_2016-12-31,0.1,0.9678,196040.0,0.7245,0.0224,54963.0,28.04,10.0,1.0
115219237_029351024129_2017-12-31,0.0,0.9968,1700000.0,0.9992,0.0032,67472.0,3.97,1.0,0.0
001784838_068713001007_2016-06-30,0.0,0.9974,1106016.0,0.898,0.0023,32452.0,2.93,17.0,2.0
103790307_034254031119_2017-09-30,0.0,0.9994,30000.0,0.9872,0.0006,220.0,0.73,71.0,7.0
115101943_183454031031_2017-09-30,0.0,0.9973,450000.0,0.9361,0.0025,13964.0,3.1,4.0,0.0
011155971_074554001004_2015-09-30,0.1,0.9725,378000.0,0.9667,0.0257,121232.0,32.07,-0.0,-0.0
006223019_061151000039_2017-09-30,0.0,0.9998,190328.0,1.0,0.0002,414.0,0.22,7.0,1.0
115273032_183454031033_2017-09-30,0.5,0.7958,182000.0,0.8786,0.1463,332941.0,182.93,11.0,1.0
008757254_059154000056_2016-03-31,0.0,0.9999,100000.0,0.9928,0.0001,73.0,0.07,18.0,2.0
008757269_059154000061_2018-03-31,0.0,0.9999,200000.0,1.0,0.0001,137.0,0.07,42.0,4.0
003329067_060354000108_2018-06-30,0.0,1.0,70000.0,0.9964,0.0,37.0,0.05,1.0,0.0
106041568_130254031328_2017-06-30,0.0,1.0,1250000.0,1.0,0.0,359.0,0.03,1.0,0.0
006223054_061151000061_2016-09-30,0.0,0.9999,246420.0,0.9569,0.0001,177.0,0.07,7.0,1.0
103919862_034213031075_2018-03-31,0.5,0.777,1689626.0,0.8169,0.1458,3080073.0,182.29,26.0,3.0
115544342_186454031010_2018-03-31,0.0,0.9823,2000000.0,1.0,0.0173,431619.0,21.58,1.0,0.0
002204256_064913001062_2016-09-30,0.0,0.9999,1043516.0,0.0,0.0,0.0,0.0,39.0,4.0
003329074_060354000114_2017-06-30,0.0,0.996,30000.0,1.0,0.0039,1479.0,4.93,59.0,6.0
008757309_059154000078_2016-09-30,0.0,0.9999,30000.0,0.9865,0.0001,35.0,0.12,66.0,7.0
113903464_127454032140_2017-06-30,0.2,0.9127,28000.0,0.8108,0.0645,22573.0,80.62,73.0,7.0
110785290_027254031356_2017-06-30,0.0,0.9936,200000.0,0.9148,0.0058,14505.0,7.25,10.0,1.0
100059552_060313023803_2018-03-31,0.0,0.9989,1073516.0,0.7821,0.0009,11985.0,1.12,177.0,18.0
104115010_060351024014_2018-03-31,0.0,0.9938,1000000.0,0.9959,0.0061,76766.0,7.68,2.0,0.0
108972728_148013031006_2017-06-30,0.0,0.9996,3669626.0,0.9677,0.0004,18354.0,0.5,0.0,0.0
009027799_062251000102_2017-03-31,0.0,0.9992,50000.0,1.0,0.0007,468.0,0.94,1577.0,157.0
007902703_086454001433_2017-03-31,0.0,0.9998,25000.0,0.9862,0.0002,59.0,0.23,107.0,11.0
011519960_034254001626_2017-06-30,0.0,0.9995,50000.0,0.9863,0.0005,293.0,0.59,38.0,4.0
114488910_061751023977_2017-09-30,0.5,0.7836,47200.0,0.989,0.1725,101752.0,215.58,45.0,4.0
100078251_060313023860_2015-12-31,0.0,0.999,1671626.0,1.0,0.001,20676.0,1.24,1.0,0.0
115818786_183454031044_2018-06-30,0.0,0.9766,300000.0,1.0,0.0227,85179.0,28.39,1.0,0.0
106095118_130254031308_2016-09-30,0.0,0.999,2500000.0,1.0,0.0009,29647.0,1.19,1.0,0.0
106099664_130254031296_2016-12-31,0.0,0.9998,1375000.0,0.9929,0.0002,2734.0,0.2,1.0,0.0
014140417_034613001050_2018-03-31,0.0,0.9871,1675626.0,0.6162,0.0078,163586.0,9.76,286.0,29.0
014140417_034613001050_2015-12-31,0.0,0.9967,1675626.0,0.6726,0.0022,46808.0,2.79,1.0,0.0
008436153_029354023841_2015-12-31,0.2,0.8891,2370000.0,0.5324,0.0527,1559913.0,65.82,1.0,0.0
008757348_059154000109_2018-03-31,0.0,0.9998,60000.0,1.0,0.0002,116.0,0.19,68.0,7.0
106126312_130254031282_2017-06-30,0.0,1.0,1150000.0,1.0,0.0,384.0,0.03,1.0,0.0
006223054_061151000061_2017-06-30,0.0,0.9999,246420.0,0.9605,0.0001,312.0,0.13,7.0,1.0
014140946_034654031084_2017-06-30,0.0,0.9931,200000.0,0.4527,0.0031,7697.0,3.85,29.0,3.0
115770543_186454031028_2016-09-30,3.9,0.1208,130000.0,0.641,0.0948,153974.0,118.44,12.0,1.0
003329120_060351000030_2018-03-31,0.0,1.0,34000.0,1.0,0.0,12.0,0.04,59.0,6.0
008757358_059151000003_2017-03-31,0.0,0.9953,1500000.0,0.8829,0.0041,76262.0,5.08,87.0,9.0
104411015_060354024088_2017-09-30,0.0,0.9997,200000.0,0.9984,0.0003,718.0,0.36,9.0,1.0
115839844_186454031077_2017-12-31,0.1,0.9554,1095094.0,0.9914,0.042,574529.0,52.46,17.0,2.0
006223062_061151000067_2018-06-30,0.0,0.9998,87500.0,1.0,0.0002,259.0,0.3,0.0,0.0
110990829_133754031467_2015-09-30,0.4,0.8328,136000.0,0.4221,0.0597,101449.0,74.6,0.0,0.0
117171323_061751024105_2018-06-30,0.1,0.9515,858037.0,1.0,0.0458,491759.0,57.31,1.0,0.0
106211152_130254031337_2016-06-30,0.0,0.998,1375000.0,1.0,0.002,34023.0,2.47,1.0,0.0
104505833_060354024106_2017-09-30,0.0,0.9999,145000.0,0.9961,0.0001,179.0,0.12,11.0,1.0
100210912_060313023966_2018-06-30,0.0,0.9995,1068516.0,0.9933,0.0005,6204.0,0.58,1.0,0.0
008438601_029313001038_2015-09-30,0.0,0.9971,1083516.0,0.829,0.0024,32281.0,2.98,0.0,0.0
100539541_062251031014_2016-09-30,0.0,0.9999,300000.0,0.7473,0.0001,198.0,0.07,5.0,0.0
011529749_034254031101_2017-09-30,0.0,0.9992,27376.0,0.942,0.0007,244.0,0.89,106.0,11.0
104505908_060354024107_2015-12-31,0.0,0.9996,145000.0,0.8761,0.0003,611.0,0.42,1.0,0.0
008757451_059151000063_2018-06-30,0.0,0.9999,100000.0,1.0,0.0001,122.0,0.12,1.0,0.0
008438760_029354001297_2017-03-31,0.0,0.9999,60000.0,0.9989,0.0001,62.0,0.1,24.0,2.0
109588122_019454024110_2015-09-30,1.5,0.4572,30000.0,0.5422,0.1544,57882.0,192.94,1.0,0.0
117805732_061754023909_2018-06-30,1.5,0.474,50000.0,1.0,0.2841,177565.0,355.13,1.0,0.0
104514131_060354024323_2016-09-30,0.9,0.6474,95800.0,0.8691,0.2125,254458.0,265.61,18.0,2.0
003329169_060354000150_2017-12-31,0.0,1.0,50000.0,1.0,0.0,23.0,0.05,42.0,4.0
111536019_027213032044_2017-03-31,1.6,0.4315,1048516.0,0.2328,0.0662,867521.0,82.74,441.0,42.0
109068039_166613031028_2016-06-30,3.4,0.1626,1048516.0,0.1137,0.0204,268018.0,25.56,215.0,14.0
102235095_062251031011_2017-09-30,0.0,0.9916,283540.0,0.9907,0.0082,29063.0,10.25,6.0,1.0
100038242_052654023750_2016-12-31,0.0,1.0,8210.0,1.0,0.0,5.0,0.06,192.0,19.0
100578675_084457023815_2015-12-31,0.1,0.9603,580000000.0,0.8255,0.0313,226705721.0,39.09,1.0,0.0
106284479_130254031268_2017-03-31,0.0,0.9997,2500000.0,0.9672,0.0003,8645.0,0.35,1.0,0.0
001694666_0640PCL00441_2018-03-31,0.0,0.998,2329226.0,1.0,0.002,58784.0,2.52,0.0,0.0
006223204_061151000146_2017-06-30,0.0,0.9945,550000.0,0.8711,0.0047,32399.0,5.89,9.0,1.0
014029115_034554001420_2017-03-31,0.0,0.9996,50000.0,0.9672,0.0004,260.0,0.52,42.0,4.0
104738738_034213031116_2017-06-30,0.0,0.9937,1193516.0,0.9589,0.0059,88609.0,7.42,4.0,0.0
108294103_145554031002_2016-03-31,0.3,0.8602,200000.0,0.1724,0.0209,52299.0,26.15,20.0,2.0
104779932_034213031112_2016-09-30,7.2,0.0128,1093516.0,0.8769,0.0496,678513.0,62.05,14.0,0.0
003329220_060351000078_2017-03-31,0.0,0.9994,327000.0,0.8572,0.0005,2126.0,0.65,10.0,1.0
003329222_060351000079_2016-03-31,0.0,0.9999,63300.0,0.4904,0.0001,55.0,0.09,19.0,2.0
001694666_0640PCL00498_2018-03-31,0.0,0.998,2137626.0,1.0,0.0019,51945.0,2.43,1.0,0.0
014029227_034554031077_2016-09-30,0.0,0.9989,75000.0,0.6466,0.0007,639.0,0.85,31.0,3.0
014145003_034613001026_2017-06-30,0.0,0.9987,1063516.0,0.9803,0.0013,17238.0,1.62,30.0,3.0
104714068_060351024022_2015-09-30,4.0,0.1102,140000.0,0.8966,0.1253,219307.0,156.65,1.0,0.0
104948898_034254031182_2015-12-31,0.0,0.9996,31500.0,0.8047,0.0003,133.0,0.42,77.0,8.0
003329225_060351000082_2016-03-31,0.0,0.9999,31500.0,1.0,0.0001,33.0,0.1,1.0,0.0
003329225_060351000082_2018-06-30,0.2,0.9174,46000.0,0.7327,0.0554,31867.0,69.28,33.0,3.0
113770363_133751031239_2016-09-30,0.0,0.9923,293750.0,0.7496,0.0057,20937.0,7.13,1.0,0.0
100557841_060351023815_2015-12-31,2.1,0.3309,46000.0,0.4898,0.1312,75432.0,163.98,41.0,4.0
114224191_133751031242_2016-03-31,0.0,0.9918,132000.0,0.0,0.0,0.0,0.0,94.0,9.0
103522384_061954023772_2016-03-31,0.0,0.9982,40000.0,0.9436,0.0017,837.0,2.09,230.0,23.0
003373295_019454001046_2016-12-31,3.7,0.1314,44000.0,0.577,0.09,49509.0,112.52,45.0,3.0
114312042_127454031938_2016-06-30,0.1,0.9624,20000.0,0.7764,0.0279,6963.0,34.82,132.0,13.0
114652119_133754031687_2017-03-31,0.4,0.8406,1068516.0,0.7064,0.0959,1281529.0,119.94,1.0,0.0
014029713_034513031067_2015-09-30,0.0,0.9824,50000.0,0.7207,0.0124,7721.0,15.44,44.0,4.0
014029816_034554031082_2017-03-31,0.0,0.9998,50000.0,0.9427,0.0002,108.0,0.22,67.0,7.0
006223447_061154000031_2016-03-31,5.4,0.047,10000.0,0.3583,0.036,4496.0,44.96,199.0,4.0
105714715_061954023801_2016-06-30,0.0,1.0,50000.0,1.0,0.0,17.0,0.03,1.0,0.0
006223470_061154000048_2018-06-30,0.0,0.9998,7669626.0,0.5745,0.0001,13068.0,0.17,0.0,0.0
104044775_084413023805_2016-09-30,1.1,0.5587,25000.0,0.985,0.2681,83784.0,335.13,143.0,14.0
014030592_034554001356_2017-09-30,0.0,0.9946,3669626.0,0.7302,0.0039,178077.0,4.85,1.0,0.0
104044775_084413023805_2015-06-30,0.1,0.963,1673526.0,0.5004,0.0177,369984.0,22.11,1.0,0.0
011533349_034213001011_2015-09-30,0.1,0.9714,24000.0,0.4181,0.0115,3461.0,14.42,66.0,7.0
107856887_148151031192_2015-12-31,0.0,0.9905,48750.0,0.7932,0.0074,4526.0,9.28,35.0,3.0
101210247_034554031164_2016-03-31,0.1,0.9605,800000.0,0.7924,0.0298,298499.0,37.31,1.0,0.0
001777232_068751001216_2015-09-30,0.0,0.9996,50000.0,0.9713,0.0004,257.0,0.51,0.0,0.0
011533387_034254001012_2015-12-31,0.0,0.9968,40000.0,0.9894,0.0031,1567.0,3.92,45.0,4.0
100602705_034654031257_2017-09-30,0.0,0.9998,50000.0,0.9939,0.0002,127.0,0.25,197.0,20.0
011533387_034254001012_2018-03-31,0.0,0.9988,64233.0,0.939,0.0011,879.0,1.37,36.0,4.0
101003805_060351023877_2016-12-31,0.1,0.9746,120000.0,0.9202,0.0226,33872.0,28.23,10.0,1.0
105049698_060351024047_2016-06-30,0.1,0.9714,140000.0,0.8155,0.0225,39371.0,28.12,0.0,0.0
105146791_062254023816_2015-12-31,0.0,0.9996,40000.0,0.7657,0.0003,168.0,0.42,1764.0,176.0
011533408_034254001037_2016-03-31,0.0,0.9979,50000.0,0.9634,0.002,1241.0,2.48,75.0,7.0
014031702_034554001388_2017-06-30,0.0,0.999,1068516.0,0.9868,0.001,13078.0,1.22,27.0,3.0
101500463_034513031032_2016-09-30,0.0,0.9995,1969626.0,0.9648,0.0004,10938.0,0.56,1.0,0.0
011533602_034254001692_2018-06-30,0.0,0.9923,25000.0,0.3597,0.0027,857.0,3.43,1413.0,141.0
101461113_060313024055_2016-09-30,0.3,0.8723,700000.0,0.9343,0.1048,916768.0,130.97,2.0,0.0
011533620_034254001716_2016-03-31,1.3,0.5045,50000.0,0.4804,0.1352,84527.0,169.05,31.0,3.0
115080878_133754031768_2017-03-31,0.1,0.9736,72415.0,0.844,0.0215,19462.0,26.88,18.0,2.0
115108627_133754031777_2015-12-31,0.0,0.9996,25000.0,1.0,0.0004,139.0,0.56,567.0,56.0
101469452_060351023888_2016-06-30,0.7,0.6889,400000.0,0.6508,0.1475,737261.0,184.32,1.0,0.0
011533622_034254001718_2016-09-30,0.0,0.9996,1383125.0,0.906,0.0003,5559.0,0.4,1.0,0.0
009888875_074654031082_2015-09-30,0.0,0.9959,585172.0,0.9623,0.0039,28358.0,4.85,3.0,0.0
105373737_060354024220_2016-09-30,0.7,0.7112,1370366.0,0.5267,0.1136,1945642.0,141.98,2.0,0.0
105373737_060351024057_2017-09-30,0.0,0.9994,40000.0,0.5556,0.0003,164.0,0.41,166.0,17.0
000353919_105013001013_2017-09-30,0.0,0.9926,150000.0,0.6635,0.0049,9109.0,6.07,9.0,1.0
100626576_034654031014_2016-03-31,5.7,0.0385,150000.0,0.9903,0.0943,176749.0,117.83,9.0,0.0
106129205_061151023952_2016-03-31,0.0,0.9996,50000.0,0.9531,0.0003,215.0,0.43,55.0,5.0
106256115_061151024014_2016-09-30,0.0,1.0,17500000.0,0.9848,0.0,1258.0,0.01,0.0,0.0
101889001_060354024038_2016-03-31,0.0,0.9994,300000.0,0.6926,0.0004,1620.0,0.54,4.0,0.0
107718786_109354023790_2017-12-31,0.0,0.9987,140000.0,0.988,0.0013,2204.0,1.57,1.0,0.0
101727950_015951023862_2016-06-30,0.0,0.9998,100000.0,1.0,0.0002,201.0,0.2,17.0,2.0
105577753_062254023824_2018-06-30,1.2,0.5429,75000.0,0.7399,0.2039,191112.0,254.82,1.0,0.0
014033542_034554031150_2018-03-31,0.1,0.9706,75000.0,0.7205,0.0204,19109.0,25.48,18.0,2.0
102130515_060351023912_2015-12-31,0.1,0.9706,75000.0,0.7205,0.0204,19109.0,25.48,18.0,2.0
102130515_060351023912_2016-03-31,0.0,0.9992,50000.0,0.44,0.0004,231.0,0.46,0.0,0.0
102130515_060351023912_2016-03-31,0.0,0.9999,378000.0,0.8795,0.0001,352.0,0.09,4.0,0.0
014034205_034554001384_2015-09-30,0.0,0.9921,27000.0,0.8572,0.0066,2244.0,8.31,83.0,8.0
003419150_015951001157_2016-12-31,0.0,0.989,200000.0,0.9948,0.0108,26959.0,13.48,18.0,2.0
104930518_034654031161_2016-03-31,0.3,0.8717,160000.0,0.2986,0.0336,67209.0,42.01,1.0,0.0
113102426_145554031047_2017-12-31,0.3,0.8834,117000.0,0.8588,0.0888,129918.0,111.04,12.0,1.0
109620726_148154031007_2015-12-31,1.2,0.547,42660.0,0.8024,0.2204,117545.0,275.54,31.0,3.0
102197089_060351023923_2016-09-30,0.0,0.996,266000.0,0.5804,0.0023,7718.0,2.9,7.0,1.0
102241303_060351023920_2016-03-31,0.0,0.9977,94030.0,0.9951,0.0023,2725.0,2.9,17.0,2.0
009022843_062254023822_2016-03-31,0.0,0.9956,94030.0,0.9916,0.0043,5058.0,5.38,1.0,0.0
009023022_062251031001_2018-03-31,0.0,0.9903,500000.0,0.3436,0.0033,20454.0,4.09,4.0,0.0
009023022_062251031001_2018-06-30,0.0,0.9943,2069626.0,0.7941,0.0045,116521.0,5.63,1.0,0.0
100825787_034654031006_2016-03-31,0.4,0.8227,140000.0,0.3321,0.0493,86323.0,61.66,15.0,1.0
002178261_091613023769_2017-06-30,0.0,0.9999,22500.0,0.8462,0.0001,28.0,0.12,263.0,26.0
105787672_062254023830_2016-03-31,0.0,0.9855,1725626.0,0.7824,0.0111,239845.0,13.9,5.0,0.0
101022223_034654031026_2016-09-30,0.6,0.7346,1068516.0,0.8794,0.1788,2387813.0,223.47,31.0,3.0
101894582_034513031051_2016-09-30,0.0,0.9999,20000.0,1.0,0.0001,18.0,0.09,584.0,58.0
101069029_034613031015_2017-06-30,0.0,0.9993,100000.0,0.964,0.0006,784.0,0.78,169.0,17.0
008243095_095454001378_2018-03-31,0.0,0.9989,257000.0,0.9194,0.001,3245.0,1.26,0.0,0.0
003376163_019454001453_2016-12-31,6.1,0.0282,1078516.0,0.8375,0.0722,972911.0,90.21,19.0,0.0
002179046_091651001147_2015-09-30,0.0,0.9998,550000.0,0.9106,0.0002,1145.0,0.21,115.0,11.0
106587118_034613031358_2016-06-30,0.0,0.9999,332000.0,1.0,0.0001,572.0,0.17,5.0,1.0
003419501_015951001671_2016-09-30,0.0,0.9999,70000.0,1.0,0.0001,67.0,0.1,1577.0,157.0
003419546_015951001189_2017-12-31,0.0,0.9998,70000.0,1.0,0.0002,147.0,0.21,1577.0,157.0
003419563_015951001060_2016-06-30,0.0,0.9998,32000.0,0.9913,0.0002,65.0,0.2,57.0,6.0
003419563_015951001060_2018-03-31,0.0,0.9999,32000.0,0.9854,0.0001,59.0,0.18,54.0,5.0
100163062_041054023766_2016-03-31,5.4,0.0471,1290000.0,0.9895,0.0994,1602870.0,124.25,2.0,0.0
100163123_041054023764_2017-03-31,5.3,0.0492,9043516.0,0.0,0.0,0.0,0.0,0.0,0.0
109163858_112454023802_2018-03-31,0.0,1.0,864000.0,0.9694,0.0,222.0,0.03,1.0,0.0
109163858_112413023846_2016-03-31,1.4,0.4976,1068516.0,0.7434,0.2098,2802683.0,262.3,16.0,2.0
006223592_061154000131_2015-12-31,2.5,0.2721,5000000.0,0.9986,0.2458,15360543.0,307.21,0.0,0.0
014035758_034513031396_2017-09-30,0.0,0.9993,40000.0,0.9698,0.0007,326.0,0.81,78.0,8.0
106052797_091651024148_2018-03-31,1.4,0.4974,1268516.0,0.0,0.0,0.0,0.0,433.0,42.0
002224885_112454001240_2016-03-31,0.0,0.9985,47500.0,0.8936,0.0013,767.0,1.62,181.0,18.0
002180229_091613023811_2016-03-31,0.0,0.9959,140000.0,0.8218,0.0033,5858.0,4.18,15.0,2.0
100198254_061151023929_2017-09-30,0.0,0.9998,1500000.0,1.0,0.0002,3585.0,0.24,1.0,0.0
108027254_034254031238_2017-06-30,0.0,0.9991,93186.0,0.9714,0.0009,1046.0,1.12,16.0,2.0
107247103_062254023847_2017-03-31,3.4,0.1622,600000.0,0.5252,0.0943,707276.0,117.88,5.0,0.0
002095129_067851000336_2018-03-31,0.0,0.9982,30000.0,0.9668,0.0017,643.0,2.14,139.0,14.0
100242975_074654031034_2016-12-31,0.0,0.9995,60000.0,0.9938,0.0005,390.0,0.65,26.0,3.0
008702084_073551001159_2016-03-31,0.0,0.9997,60000.0,1.0,0.0003,218.0,0.36,26.0,3.0
100239337_041054023761_2016-06-30,0.1,0.9679,1048516.0,0.9381,0.029,379482.0,36.19,160.0,16.0
100306593_041054023775_2016-12-31,0.1,0.9568,700000.0,0.9111,0.0374,327066.0,46.72,3.0,0.0
100306593_041054023775_2017-12-31,0.0,0.9957,44928.0,0.9465,0.0041,2279.0,5.07,36.0,4.0
110659117_112413023819_2017-09-30,0.0,0.9938,1043566.0,1.0,0.0061,79807.0,7.65,15767.0,1571.0
002095137_067851000344_2016-09-30,0.0,0.9996,1043516.0,0.9427,0.0004,5274.0,0.51,0.0,0.0
114799014_034554031197_2017-06-30,0.0,0.9925,1043566.0,0.988,0.0073,94978.0,9.1,0.0,0.0
002180717_091613001017_2017-06-30,0.0,0.9879,1719626.0,0.9416,0.0112,241153.0,14.02,6.0,1.0
100318842_110913031004_2016-03-31,5.4,0.0472,1168516.0,0.8184,0.0823,1201610.0,102.83,6.0,0.0
002094657_067813000023_2015-12-31,2.2,0.3111,1093516.0,0.9294,0.2431,3322982.0,303.88,16.0,1.0
100318842_110913031004_2015-09-30,0.0,0.9993,30000.0,0.996,0.0007,245.0,0.82,69.0,7.0
104427240_086413023924_2017-09-30,0.1,0.9529,1729626.0,0.8579,0.0383,827374.0,47.84,5.0,0.0
104427240_086413023924_2016-03-31,0.0,0.9943,50000.0,1.0,0.0056,3503.0,7.01,36.0,4.0
104517543_086413023934_2017-06-30,0.0,0.9994,75000.0,0.9636,0.0005,510.0,0.68,28.0,3.0
101523677_034654031048_2017-09-30,0.0,1.0,1100000.0,1.0,0.0,239.0,0.02,1.0,0.0
105329318_086413023961_2016-09-30,0.0,0.9853,19000.0,0.3546,0.0051,1208.0,6.36,1.0,0.0
115041665_075654031086_2017-12-31,0.0,0.9999,2000000.0,1.0,0.0001,1888.0,0.09,1.0,0.0
003377561_019454001525_2016-12-31,0.0,0.9997,1193516.0,0.0,0.0,0.0,0.0,10.0,1.0
100409471_061154023801_2017-03-31,0.0,0.9992,260000.0,0.9722,0.0008,2591.0,1.0,6.0,1.0
014037801_034554001478_2015-12-31,3.3,0.1708,1300000.0,0.8992,0.1672,2716719.0,208.98,1.0,0.0
100015802_016051021017_2018-03-31,0.0,0.9987,37500.0,0.9514,0.0013,599.0,1.6,64.0,6.0
009027496_062213000021_2016-09-30,0.0,0.9998,51375.0,0.9824,0.0002,132.0,0.26,43.0,4.0
100522619_061151023821_2018-03-31,5.4,0.0451,82312.0,0.8573,0.0852,87625.0,106.45,1.0,0.0
002181804_091651001294_2016-12-31,0.0,1.0,50000.0,1.0,0.0,22.0,0.04,1577.0,157.0
014039416_034554031080_2017-06-30,0.0,0.9998,200000.0,1.0,0.0002,411.0,0.21,17.0,2.0
109074978_060351000061_2017-03-31,0.0,0.9999,600000.0,1.0,0.0001,458.0,0.08,1.0,0.0
102102609_034651031062_2015-12-31,0.0,0.9989,1300000.0,1.0,0.0011,18552.0,1.43,1.0,0.0
002094779_067851000007_2016-06-30,0.5,0.7883,25000.0,0.4814,0.0825,25786.0,103.14,168.0,17.0
003377946_019454023820_2016-03-31,5.5,0.0439,1056016.0,0.9505,0.0937,1237264.0,117.16,19.0,0.0
100170484_105054023752_2018-06-30,0.0,0.9859,5500000.0,0.9969,0.0137,945034.0,17.18,1.0,0.0
100315475_040951023811_2016-06-30,0.0,0.9996,1040000.0,0.9953,0.0004,5694.0,0.55,2.0,0.0
113322149_061154023933_2016-09-30,0.0,1.0,488650.0,1.0,0.0,62.0,0.01,432.0,43.0
010968571_045413031147_2017-12-31,0.0,0.9998,140000.0,1.0,0.0002,409.0,0.29,16.0,2.0
002226229_112451024005_2018-06-30,0.0,0.9998,3300000.0,0.6056,0.0001,3770.0,0.11,1577.0,157.0
002095179_067851000386_2017-03-31,0.0,0.9795,1193516.0,0.83,0.0166,247157.0,20.71,5.0,0.0
100318866_110954031003_2017-03-31,0.0,0.9999,1063275.0,0.9888,0.0001,968.0,0.09,40.0,4.0
103290007_041054023837_2018-03-31,0.0,0.9987,1689426.0,0.985,0.0013,26876.0,1.59,1.0,0.0
100318866_110954031003_2015-12-31,0.0,0.9997,1380000.0,1.0,0.0003,5147.0,0.37,0.0,0.0
003420395_015951001589_2017-03-31,0.1,0.9666,52000.0,0.7317,0.0234,15237.0,29.3,56.0,6.0
102494524_074613031035_2017-12-31,0.0,0.9997,1943516.0,0.9567,0.0003,7522.0,0.39,1.0,0.0
100320158_110913031013_2016-12-31,0.0,0.9999,1380000.0,0.9939,0.0001,2542.0,0.18,55.0,5.0
003378976_019454001055_2015-09-30,0.0,0.9992,1218516.0,0.0,0.0,0.0,0.0,3.0,0.0
105610016_034613031179_2018-06-30,0.0,1.0,1045524.0,0.9761,0.0,410.0,0.04,393.0,39.0
002395168_115851001275_2015-12-31,0.0,0.9995,100000.0,0.9957,0.0005,660.0,0.66,39.0,4.0
108531935_146054031029_2016-09-30,0.0,0.9999,175000.0,1.0,0.0001,160.0,0.09,39.0,4.0
008731132_067913000034_2017-09-30,0.0,0.9994,2088610.0,0.4526,0.0003,6750.0,0.32,51.0,5.0
002395168_115851001275_2017-03-31,0.0,0.9985,47500.0,0.9058,0.0014,820.0,1.73,60.0,6.0
008731135_067913000037_2016-03-31,3.6,0.1452,1068516.0,0.9606,0.1601,2137989.0,200.09,26.0,2.0
008246380_095413001030_2016-09-30,0.0,0.9922,1695626.0,0.983,0.0076,160233.0,9.45,10.0,1.0
003379184_019454001815_2016-06-30,0.1,0.9508,1108516.0,0.8315,0.0386,535309.0,48.29,9.0,1.0
009027570_062254000018_2017-12-31,0.0,0.9998,50000.0,1.0,0.0002,113.0,0.23,1577.0,157.0
002306592_109311002619_2016-06-30,0.0,1.0,50000.0,0.9826,0.0,28.0,0.06,1577.0,157.0
014041052_034554001481_2016-03-31,0.0,0.9992,100000.0,0.9797,0.0008,978.0,0.98,25.0,2.0
102871467_034513031121_2016-06-30,0.0,1.0,304220.0,1.0,0.0,168.0,0.06,374.0,37.0
102930442_034513031130_2017-09-30,0.0,0.9998,40000.0,0.9393,0.0002,89.0,0.22,94.0,9.0
102930442_034513031130_2016-03-31,0.0,0.999,1759626.0,0.6433,0.0006,13653.0,0.78,4.0,0.0
002094801_067851000029_2016-12-31,0.0,0.9986,1300000.0,0.987,0.0013,21762.0,1.67,1.0,0.0
002094804_067851000032_2016-06-30,5.4,0.046,900000.0,0.9706,0.0969,1090142.0,121.13,10.0,0.0
103042225_034554031070_2017-09-30,1.2,0.5371,265263.0,0.8287,0.2292,760130.0,286.56,7.0,1.0
100320979_110954031012_2017-12-31,0.0,0.9998,45000.0,0.9895,0.0002,129.0,0.29,0.0,0.0
007230401_109654001525_2016-03-31,0.0,0.9998,20000.0,1.0,0.0002,41.0,0.2,579.0,58.0
106896896_034613031392_2018-03-31,0.1,0.9452,100000.0,1.0,0.0515,64374.0,64.37,0.0,0.0
002095205_067851000412_2017-03-31,0.0,0.9992,74100.0,0.9412,0.0007,688.0,0.93,19.0,2.0
008246745_095451001218_2017-12-31,0.0,0.999,96100.0,0.9271,0.0009,1091.0,1.14,15.0,1.0
115234612_062254023887_2017-03-31,0.1,0.9726,318500.0,0.3656,0.0097,38553.0,12.1,7.0,1.0
007898151_086454001415_2015-12-31,1.8,0.39,1048516.0,0.621,0.1742,2282860.0,217.72,205.0,19.0
009027586_062254000033_2018-03-31,0.0,0.9999,30400.0,0.6741,0.0001,21.0,0.07,1585.0,158.0
002395734_115851001030_2015-09-30,0.0,0.998,55000.0,0.9933,0.002,1381.0,2.51,271.0,27.0
102723534_061151023887_2017-06-30,0.0,0.9998,62000.0,0.9948,0.0002,116.0,0.19,0.0,0.0
102846606_061151023896_2017-06-30,0.0,0.9997,69189626.0,0.9507,0.0003,285389.0,0.41,0.0,0.0
103602231_160454031163_2016-09-30,0.0,0.9865,1685626.0,0.9734,0.0129,271300.0,16.09,14.0,1.0
113395277_147913031247_2016-03-31,0.0,0.9999,300000.0,1.0,0.0001,335.0,0.11,55.0,5.0
009027588_062254000035_2016-03-31,0.0,0.9999,300000.0,1.0,0.0001,335.0,0.11,55.0,5.0
003382670_019454001522_2017-06-30,0.0,0.9999,50000.0,1.0,0.0001,90.0,0.18,1.0,0.0
008731238_067951000025_2015-09-30,0.0,0.9999,1490000.0,1.0,0.0001,2143.0,0.14,2.0,0.0
101528395_006513023837_2017-09-30,0.0,0.9999,1829626.0,0.0,0.0,0.0,0.0,2.0,0.0
103292374_034513031147_2018-03-31,0.1,0.9294,1500000.0,0.9737,0.0636,1193013.0,79.53,2.0,0.0
003425066_015954001762_2017-12-31,0.0,0.9993,74600.0,0.9788,0.0007,618.0,0.83,21.0,2.0
003425066_015954001762_2017-12-31,0.0,1.0,50000.0,0.9991,0.0,14.0,0.03,1577.0,157.0
009027594_062254000041_2018-06-30,0.0,0.9995,43000.0,0.8893,0.0004,220.0,0.51,0.0,0.0
002095218_067851000425_2016-12-31,0.0,0.9975,50000.0,1.0,0.0025,1543.0,3.09,1577.0,157.0
010734629_075613001037_2015-09-30,0.0,0.9988,1687626.0,0.7355,0.0009,18274.0,1.08,1.0,0.0
104823824_074613031111_2017-03-31,0.9,0.6438,285000.0,0.796,0.1957,697330.0,244.68,9.0,1.0
109146014_146054031044_2018-03-31,0.0,0.9992,800000.0,1.0,0.0008,7746.0,0.97,1.0,0.0
103901625_061154023905_2016-09-30,0.0,0.9999,75000.0,0.9779,0.0001,90.0,0.12,32.0,3.0
002094813_067851000041_2017-12-31,0.0,1.0,50000.0,0.992,0.0,23.0,0.05,1577.0,157.0
008731278_067951000042_2015-09-30,0.0,0.9974,1091016.0,0.8353,0.0021,29284.0,2.68,14.0,1.0
002094815_067851000043_2017-03-31,0.9,0.6509,500000.0,0.6178,0.1502,938614.0,187.72,3.0,0.0
106935618_034613031391_2018-06-30,5.1,0.0565,1143516.0,0.1774,0.0187,267577.0,23.4,16.0,0.0
104842801_067854023790_2016-06-30,0.0,0.9971,1543516.0,0.8446,0.0024,46371.0,3.0,2.0,0.0
115059120_112551024792_2018-06-30,0.4,0.8124,1679626.0,0.3074,0.0478,1004032.0,59.78,78.0,8.0
008731287_067951000045_2016-06-30,0.0,0.9995,75000.0,0.9797,0.0005,440.0,0.59,88.0,9.0
002094820_067851000048_2016-09-30,0.1,0.9754,1086016.0,0.9874,0.0235,318628.0,29.34,13.0,1.0
105886209_034613031215_2017-12-31,0.0,1.0,71000.0,1.0,0.0,32.0,0.05,1577.0,157.0
008247531_095451001245_2016-06-30,0.0,0.9939,50000.0,1.0,0.006,3740.0,7.48,28.0,3.0
100188210_019413024099_2016-12-31,1.5,0.4644,1058516.0,0.8713,0.2479,3279921.0,309.86,48.0,5.0
105035240_067813023780_2017-09-30,0.0,0.9997,645618.0,0.9223,0.0003,2032.0,0.31,1.0,0.0
010940223_045813001786_2017-03-31,7.2,0.0127,1138516.0,0.8691,0.0491,698397.0,61.34,7.0,0.0
008731370_067954000010_2016-03-31,0.0,0.9999,47500.0,0.9742,0.0001,44.0,0.09,61.0,6.0
105925323_034613031220_2018-03-31,0.0,0.9997,5000.0,1.0,0.0003,17.0,0.33,1051.0,105.0
002094829_067851000053_2018-03-31,0.0,1.0,45000.0,1.0,0.0,27.0,0.06,1.0,0.0
002376021_095254000004_2017-09-30,0.0,1.0,39669626.0,0.9783,0.0,6649.0,0.02,0.0,0.0
103588297_034513031167_2016-03-31,0.0,1.0,39669626.0,1.0,0.0,14301.0,0.04,0.0,0.0
002095230_067851000437_2015-12-31,0.0,0.9997,22000.0,0.9757,0.0003,74.0,0.34,400.0,40.0
107027683_034613031424_2016-09-30,0.0,0.9892,135000.0,1.0,0.0106,17862.0,13.23,12.0,1.0
008731437_067954000033_2016-12-31,0.0,0.9957,1066016.0,1.0,0.0043,57432.0,5.39,24.0,2.0
002376037_095257000001_2016-09-30,0.2,0.8975,10000.0,0.9294,0.0856,10702.0,107.02,209.0,21.0
002376040_095254000009_2018-06-30,0.8,0.6732,1048516.0,0.9062,0.2118,2775511.0,264.71,304.0,30.0
002580125_0397RPC00002_2016-09-30,0.0,0.9936,1000000.0,0.753,0.0048,59867.0,5.99,4.0,0.0
002580125_0397RPC00002_2018-03-31,0.5,0.7707,1000000.0,1.0,0.1824,2279699.0,227.97,2.0,0.0
009027614_062254000061_2016-03-31,0.0,0.9994,1052516.0,0.9946,0.0006,8008.0,0.76,51.0,5.0
109237306_160454031313_2016-09-30,0.0,0.9961,1093016.0,0.802,0.0031,42173.0,3.86,16.0,2.0
105982676_034613031224_2017-12-31,0.0,1.0,250000.0,0.9867,0.0,132.0,0.05,9.0,1.0
107232848_067854023812_2016-06-30,7.3,0.0114,1063516.0,0.6019,0.0314,417743.0,39.28,73.0,0.0
111573114_160513031051_2017-12-31,0.0,0.9995,40000.0,0.8255,0.0004,195.0,0.49,72.0,7.0
002420440_114451001052_2017-03-31,0.1,0.9645,47500.0,0.8583,0.0291,17299.0,36.42,33.0,3.0
002396911_115851001320_2018-03-31,0.0,0.9999,192000.0,0.957,0.0001,329.0,0.17,27.0,3.0
014136574_034613001007_2016-09-30,0.0,0.9918,1093016.0,0.9654,0.0078,106681.0,9.76,12.0,1.0
107160617_034613031474_2017-12-31,0.0,0.9963,95000.0,0.9771,0.0036,4299.0,4.53,27.0,3.0
009068290_068054024031_2017-03-31,0.0,0.9954,1694626.0,0.76,0.0035,73141.0,4.32,13.0,1.0
010940246_045813001091_2017-12-31,0.0,0.9982,580000.0,0.9045,0.0016,11781.0,2.03,3.0,0.0
009027657_062254023788_2016-06-30,0.0,0.9968,1500000.0,0.9818,0.0031,57977.0,3.87,1.0,0.0
112067547_043454031172_2016-09-30,7.1,0.0133,1193516.0,0.9063,0.0528,787251.0,65.96,4.0,0.0
005188825_109951001014_2016-06-30,0.0,0.9996,50000.0,0.9945,0.0004,250.0,0.5,43.0,4.0
105983074_034613031231_2017-03-31,0.0,0.9978,123900.0,0.8423,0.0018,2848.0,2.3,0.0,0.0
112694547_160554031165_2017-09-30,0.0,0.9997,123900.0,1.0,0.0003,472.0,0.38,14.0,1.0
108541309_034613031635_2017-06-30,0.0,0.9999,90000.0,1.0,0.0001,80.0,0.09,1.0,0.0
115463620_160454031256_2016-12-31,0.0,0.9942,1686626.0,0.7265,0.0042,88594.0,5.25,19.0,2.0
002095256_067851000463_2017-03-31,5.6,0.0394,1093016.0,0.8467,0.0811,1108082.0,101.38,14.0,0.0
107356841_034613031502_2016-09-30,0.0,0.9997,20000.0,0.9924,0.0003,67.0,0.33,378.0,38.0
009027657_062254023839_2017-09-30,0.0,0.9999,85000.0,0.9897,0.0001,146.0,0.17,1577.0,157.0
009068435_068051023777_2015-09-30,0.0,0.9937,37000.0,0.9359,0.0058,2685.0,7.26,0.0,0.0
009068449_068051023776_2017-12-31,0.0,0.9996,1604016.0,0.9612,0.0004,7992.0,0.5,1191.0,119.0
002094885_067851000101_2018-06-30,0.0,0.9991,1493516.0,1.0,0.0009,17330.0,1.16,3.0,0.0
107390673_034613031452_2017-06-30,0.0,1.0,20000.0,1.0,0.0,6.0,0.03,61.0,6.0
107390696_034613031543_2016-06-30,0.0,0.9999,20000.0,1.0,0.0001,14.0,0.07,62.0,6.0
009027667_062254000114_2017-03-31,0.0,0.9999,31500.0,1.0,0.0001,46.0,0.15,75.0,7.0
002094890_067851000106_2016-03-31,0.6,0.7357,2012626.0,0.4802,0.0973,2448526.0,121.66,1.0,0.0
007901149_086454001399_2015-09-30,4.0,0.1104,1709626.0,0.0,0.0,0.0,0.0,0.0,0.0
003050246_0619ODE00001_2016-06-30,0.0,0.9802,1679626.0,0.8734,0.0168,352403.0,20.98,29.0,3.0
003050495_061913023767_2017-09-30,0.0,0.9995,80000.0,1.0,0.0005,483.0,0.6,0.0,0.0
009027672_062254000119_2017-12-31,0.0,0.9999,20000.0,0.898,0.0001,30.0,0.15,0.0,0.0
009027673_062254000120_2016-03-31,0.0,0.9997,33000.0,0.8447,0.0002,88.0,0.27,0.0,0.0
008731755_067951000170_2016-12-31,0.1,0.9633,1699626.0,0.0,0.0,0.0,0.0,1810.0,180.0
010739270_075613031014_2015-09-30,0.0,0.9989,80000.0,0.8715,0.001,987.0,1.23,42.0,4.0
103561843_019413024040_2017-09-30,0.0,0.9987,113820.0,0.975,0.0013,1789.0,1.57,0.0,0.0
108742217_034613031800_2018-03-31,0.0,0.9999,80000.0,1.0,0.0001,70.0,0.09,1577.0,157.0
005190450_109951001215_2015-12-31,6.4,0.0226,1093016.0,0.8702,0.0686,936884.0,85.72,13.0,0.0
010973951_045454001652_2015-12-31,0.0,0.9999,39900.0,1.0,0.0001,58.0,0.15,1577.0,157.0
010969469_045454001517_2015-12-31,0.0,0.9999,6000.0,0.9571,0.0001,9.0,0.15,191.0,19.0
010969497_045413031367_2016-06-30,7.5,0.0101,1086016.0,0.8932,0.0424,575079.0,52.95,14.0,0.0
102175155_109654023813_2016-06-30,6.0,0.0295,71200.0,0.95,0.0833,74120.0,104.1,1.0,0.0
008731827_067951000197_2015-09-30,2.1,0.3347,50000.0,0.3183,0.0856,53487.0,106.97,36.0,3.0
005190450_109951001215_2018-03-31,0.0,0.9989,40000.0,0.0,0.0,0.0,0.0,788372.0,78534.0
106090322_034613031247_2016-03-31,0.0,0.9976,5669626.0,0.6563,0.0016,110790.0,1.95,0.0,0.0
002094944_067851000160_2016-06-30,0.0,0.9976,5669626.0,0.6563,0.0016,110790.0,1.95,0.0,0.0
104430458_019454024076_2016-06-30,0.0,0.9998,30000.0,0.9952,0.0002,82.0,0.27,80.0,8.0
106136633_034613031363_2016-09-30,0.0,1.0,100000.0,0.9976,0.0,46.0,0.05,19.0,2.0
104889494_095251024067_2015-09-30,0.0,0.9999,2645000.0,0.9509,0.0001,1768.0,0.07,1.0,0.0
114831714_146054031065_2016-06-30,0.1,0.9644,1072016.0,0.5368,0.0183,244809.0,22.84,1.0,0.0
003050666_061951000016_2017-12-31,1.0,0.6173,778000.0,0.6179,0.1579,1535577.0,197.37,1.0,0.0
003371426_019454001064_2016-09-30,0.0,0.9996,37000.0,1.0,0.0004,163.0,0.44,41.0,4.0
104292681_148013031021_2016-09-30,0.0,1.0,50000.0,0.9972,0.0,30.0,0.06,33.0,3.0
104292681_148013031021_2016-09-30,0.0,0.9997,50000.0,0.9827,0.0002,156.0,0.31,72.0,7.0
002094956_067851000172_2016-03-31,0.0,0.9998,46265.0,0.864,0.0002,95.0,0.21,56.0,6.0
010741312_075654001250_2017-12-31,0.0,0.9998,50000.0,0.7135,0.0001,79.0,0.16,76.0,8.0
002095389_067851000591_2016-03-31,5.9,0.0323,1090016.0,1.0,0.0903,1231014.0,112.94,23.0,0.0
010974082_045413031165_2015-09-30,3.2,0.1803,125000.0,0.0611,0.0118,18412.0,14.73,13.0,1.0
108845356_034654031195_2015-12-31,0.0,0.9991,1056016.0,1.0,0.0009,12357.0,1.17,110.0,11.0
009027769_062251000072_2017-06-30,0.0,0.9992,1193516.0,0.9856,0.0008,11577.0,0.97,-0.0,-0.0
009027773_062251000076_2018-03-31,0.0,0.9998,234000.0,0.8976,0.0002,519.0,0.22,1.0,0.0
009027782_062251000085_2017-09-30,4.5,0.0795,49000.0,0.9771,0.1158,70958.0,144.81,858.0,31.0
008732244_067951000266_2016-12-31,0.0,0.9999,20000.0,0.9917,0.0001,22.0,0.11,106.0,11.0
008732293_067951000277_2016-12-31,0.2,0.8912,1686626.0,0.0,0.0,0.0,0.0,212.0,21.0
111630625_163113031177_2017-12-31,0.1,0.9744,1059516.0,0.4712,0.0117,154335.0,14.57,39.0,4.0
114286042_160554031129_2015-09-30,0.0,0.9998,40000.0,1.0,0.0002,99.0,0.25,98547.0,9817.0
009068702_068013000039_2016-06-30,0.0,0.9997,200000.0,0.9647,0.0003,651.0,0.33,9.0,1.0
009068717_068013000050_2015-12-31,0.0,0.9919,50000.0,0.8201,0.0065,4080.0,8.16,45.0,5.0
008732303_067951000283_2015-12-31,0.0,0.9999,20000.0,0.9774,0.0001,20.0,0.1,1457.0,145.0
114483740_160551031040_2018-03-31,0.0,0.9996,80000.0,1.0,0.0004,367.0,0.46,16.0,2.0
010741319_075654001256_2016-09-30,0.0,0.9977,15680.0,0.966,0.0022,435.0,2.78,125.0,12.0
107729895_034613031524_2018-03-31,0.0,0.9997,50000.0,0.8829,0.0003,189.0,0.38,0.0,0.0
103740377_045413031263_2016-09-30,0.0,0.9996,8400.0,0.8875,0.0004,40.0,0.48,529.0,53.0
003050788_061951000073_2016-06-30,1.9,0.3703,1048516.0,0.4573,0.1268,1661566.0,158.47,288.0,26.0
009068732_068054000266_2016-09-30,2.9,0.219,1793516.0,0.2122,0.0463,1037783.0,57.86,1.0,0.0
109093570_034654031201_2017-03-31,5.4,0.0467,1288516.0,0.8959,0.0898,1446029.0,112.22,3.0,0.0
010741331_075654001267_2016-03-31,0.0,0.9835,47500.0,0.9907,0.016,9497.0,19.99,53.0,5.0
014917087_043454001216_2018-03-31,0.0,0.9999,186000.0,0.9996,0.0001,318.0,0.17,2.0,0.0
108197836_067951024215_2017-06-30,0.2,0.9118,1056016.0,0.9254,0.0743,980775.0,92.87,1.0,0.0
014917132_043454001223_2015-12-31,0.0,0.9939,1685626.0,0.7639,0.0046,96843.0,5.75,20.0,2.0
010970196_045454001623_2016-06-30,0.0,0.9936,1677626.0,0.8102,0.0051,106702.0,6.36,42.0,4.0
102807242_112413023834_2016-09-30,0.0,0.9992,2000.0,0.9909,0.0008,19.0,0.96,803.0,80.0
005192867_109913001020_2016-06-30,0.0,0.9997,20000.0,0.9859,0.0003,73.0,0.37,463.0,46.0
109238620_034613031667_2016-06-30,3.4,0.1569,1061016.0,0.2617,0.0459,609390.0,57.43,1.0,0.0
007226205_109654001542_2017-09-30,2.7,0.2362,1061016.0,0.2287,0.0522,691939.0,65.21,1.0,0.0
002095471_067851000658_2018-06-30,5.9,0.0318,25000.0,0.0751,0.0067,2109.0,8.44,69.0,1.0
008241073_095413001003_2015-12-31,2.0,0.3583,1000000.0,0.7172,0.1971,2463684.0,246.37,2.0,0.0
106415345_034613031313_2018-03-31,0.0,0.9873,900000.0,0.9005,0.0112,125837.0,13.98,2.0,0.0
014917804_043413001033_2017-06-30,0.0,0.995,1243516.0,0.9516,0.0047,73344.0,5.9,3.0,0.0
008732405_067954000046_2017-06-30,0.0,0.9999,20000.0,1.0,0.0001,14.0,0.07,1.0,0.0
010975744_045454001659_2016-03-31,0.0,0.9999,26000.0,0.6668,0.0001,31.0,0.12,266.0,27.0
111501311_160413031052_2015-12-31,0.5,0.769,50000.0,0.9862,0.1809,113063.0,226.13,39.0,4.0
111501311_160413031052_2015-09-30,0.0,0.997,40000.0,1.0,0.003,1492.0,3.73,257.0,26.0
114661325_095254023760_2015-12-31,0.0,0.9993,40000.0,1.0,0.0007,350.0,0.87,257.0,26.0
113680186_168351031046_2016-06-30,0.0,1.0,48000.0,1.0,0.0,16.0,0.03,51.0,5.0
009068738_068054024143_2016-03-31,0.0,0.9998,24350.0,1.0,0.0002,59.0,0.24,118.0,12.0
109298111_034613031692_2017-12-31,0.0,0.9998,75000.0,0.9944,0.0002,185.0,0.25,22.0,2.0
008732444_067954000076_2018-06-30,0.0,0.9999,47000.0,0.9873,0.0001,57.0,0.12,36.0,4.0
014918728_043454031012_2018-03-31,0.0,0.9994,1689426.0,0.7638,0.0005,9647.0,0.57,1.0,0.0
116369014_095251024158_2017-12-31,0.0,0.9999,5000.0,0.9829,0.0001,5.0,0.09,597.0,59.0
001927335_037454001358_2017-09-30,0.0,0.9999,30056.0,0.9898,0.0001,32.0,0.11,18.0,2.0
001927335_037454001358_2018-03-31,0.0,1.0,50000.0,0.9976,0.0,21.0,0.04,1.0,0.0
008732540_067954000120_2018-03-31,0.0,0.9997,53000.0,0.6888,0.0002,142.0,0.27,69.0,7.0
002095539_067854000024_2016-09-30,0.0,0.9882,1682626.0,1.0,0.0116,243726.0,14.48,18.0,2.0
002095540_067854000025_2016-09-30,0.0,0.9999,30000.0,0.9868,0.0001,49.0,0.16,1408.0,140.0
008732560_067954000129_2016-06-30,0.7,0.6945,2293516.0,0.3887,0.087,2495227.0,108.79,1.0,0.0
109362056_034613031704_2018-06-30,2.8,0.2319,494000.0,0.8342,0.1883,1162596.0,235.34,5.0,0.0
008732748_067954000239_2016-03-31,0.0,0.9782,1187016.0,0.8799,0.0187,276774.0,23.32,5.0,1.0
009068808_068054023769_2017-06-30,3.5,0.1469,5796000.0,0.6725,0.1129,8182711.0,141.18,1.0,0.0
014919270_043454001313_2018-06-30,0.0,0.9998,140000.0,0.9896,0.0002,313.0,0.22,1.0,0.0
008732601_067954000141_2016-03-31,0.0,0.9998,47500.0,0.9726,0.0002,141.0,0.3,34.0,3.0
109371437_034613031768_2018-03-31,0.0,0.9996,30000.0,0.9807,0.0004,135.0,0.45,59.0,6.0
008732613_067954000146_2016-09-30,0.0,0.9783,1093516.0,0.9334,0.0197,268948.0,24.59,0.0,0.0
103076042_114413023778_2016-12-31,6.1,0.0292,1058516.0,0.4042,0.0353,466946.0,44.11,38.0,0.0
009068749_068054024095_2016-06-30,0.0,0.9999,30000.0,0.9984,0.0001,30.0,0.1,59.0,6.0
009068749_068013000080_2017-09-30,0.0,0.9997,18000.0,1.0,0.0003,64.0,0.35,1831.0,182.0
107373864_121251024397_2015-09-30,2.2,0.3119,2219990.0,0.8765,0.2295,6368658.0,286.88,1.0,0.0
100216955_067954031187_2018-06-30,0.0,0.996,1078516.0,0.0,0.0,0.0,0.0,159.0,16.0
008732660_067954000168_2016-03-31,5.0,0.0599,1093016.0,0.7981,0.0857,1170609.0,107.1,14.0,0.0
008732668_067954000174_2016-06-30,0.0,0.9985,6900000.0,0.7212,0.0011,94565.0,1.37,0.0,0.0
007227207_109613001022_2015-09-30,0.0,0.9999,20408.0,0.9931,0.0001,14.0,0.07,56.0,6.0
105290103_045413031340_2017-03-31,0.1,0.94,1069516.0,0.6872,0.0386,515426.0,48.19,41.0,4.0
008732668_067954000174_2017-12-31,0.0,0.9999,143821.0,0.9615,0.0001,240.0,0.17,1.0,0.0
008732690_067954000182_2017-03-31,3.3,0.1746,1243516.0,0.0,0.0,0.0,0.0,65.0,5.0
108032749_121251024416_2016-06-30,0.0,0.999,5761900.0,0.9743,0.001,72709.0,1.26,0.0,0.0
107927373_034613031611_2017-09-30,0.0,0.9996,21421.0,0.9724,0.0004,105.0,0.49,502.0,50.0
107927477_034613031565_2016-03-31,0.0,0.9998,25000.0,0.9524,0.0002,56.0,0.22,164.0,16.0
107995101_112554023812_2015-12-31,0.0,0.9997,6900000.0,1.0,0.0003,29444.0,0.43,1.0,0.0
100034828_067854023751_2018-03-31,0.0,0.9791,1055266.0,0.0549,0.0011,14727.0,1.4,194.0,19.0
010941367_045813001828_2017-03-31,3.9,0.1155,33800.0,0.8784,0.1263,53363.0,157.88,81.0,4.0
009068819_068054023870_2018-06-30,1.1,0.5674,50000.0,0.6746,0.1822,113899.0,227.8,37.0,4.0
011131340_104713001006_2016-12-31,0.0,0.9999,175720.0,0.9817,0.0001,288.0,0.16,0.0,0.0
114841690_121251024636_2017-06-30,0.3,0.87,1672426.0,0.2998,0.0341,713526.0,42.66,182.0,18.0
009068821_068054023819_2017-06-30,0.0,0.9999,20000.0,0.8993,0.0001,25.0,0.12,135.0,13.0
009656055_113354001264_2016-03-31,0.4,0.8322,1695626.0,0.5986,0.0849,1799078.0,106.1,20.0,2.0
108550572_121251024436_2018-06-30,0.0,0.9977,1068516.0,0.9732,0.0022,29530.0,2.76,29.0,3.0
010938377_045813001696_2017-09-30,0.0,0.9996,260000.0,0.9852,0.0004,1359.0,0.52,29.0,3.0
014921631_043454031144_2016-09-30,0.0,0.9998,96000.0,0.998,0.0001,180.0,0.19,19.0,2.0
115056802_117554031033_2016-09-30,5.7,0.0365,1093016.0,0.929,0.0871,1189795.0,108.85,15.0,0.0
100055619_037451023775_2015-09-30,0.2,0.9054,1046016.0,0.0,0.0,0.0,0.0,333.0,33.0
010938190_045813001902_2016-06-30,0.0,0.9948,1046016.0,0.6304,0.0032,42469.0,4.06,326.0,32.0
100944550_044854031010_2016-12-31,0.0,0.9812,1046016.0,0.0,0.0,0.0,0.0,319.0,32.0
010940698_045813031675_2016-09-30,0.4,0.8005,1064516.0,0.2559,0.0418,556825.0,52.31,43.0,4.0
101085135_068013031091_2017-12-31,0.0,0.9999,132000.0,1.0,0.0001,128.0,0.1,258.0,26.0
011594845_055654031016_2016-03-31,1.0,0.5989,109460.0,0.3344,0.0874,119637.0,109.3,19.0,2.0
100498544_067951023767_2017-12-31,0.0,0.9984,278560.0,0.8185,0.0013,4635.0,1.66,9.0,1.0
109630294_034613031808_2016-06-30,0.0,0.996,199930.0,0.9114,0.0036,9088.0,4.55,20.0,2.0
110919296_168410031424_2016-12-31,0.4,0.8252,1161516.0,0.6185,0.0908,1318036.0,113.48,1.0,0.0
111853600_112510026922_2017-09-30,0.0,0.9993,26000.0,0.9693,0.0007,211.0,0.81,56.0,6.0
111853600_112510026922_2017-06-30,0.0,0.9999,33900.0,0.9977,0.0001,30.0,0.09,1.0,0.0
101206238_045413031285_2017-03-31,0.0,1.0,33900.0,0.9968,0.0,19.0,0.06,7.0,1.0
103505250_067854023774_2017-12-31,0.0,0.9975,19500.0,0.9985,0.0024,594.0,3.05,210.0,21.0
100906601_037451023832_2016-03-31,0.0,0.9998,1093516.0,1.0,0.0002,2918.0,0.27,15.0,2.0
100551127_067951023774_2017-06-30,0.0,0.9999,50000.0,0.9646,0.0001,57.0,0.11,39.0,4.0
108558916_109654023865_2017-09-30,0.0,0.9998,50000.0,0.9883,0.0002,128.0,0.26,43.0,4.0
104055959_045813031635_2015-09-30,0.0,0.9995,120000.0,0.9475,0.0005,726.0,0.6,-0.0,-0.0
100866673_043454031013_2017-06-30,0.0,0.9999,24381.0,1.0,0.0001,26.0,0.11,0.0,0.0
009069547_068054023884_2018-06-30,0.0,0.9999,24381.0,0.9998,0.0001,31.0,0.13,76.0,8.0
009069547_068054023884_2017-12-31,0.0,0.9952,1066016.0,0.8175,0.0039,51550.0,4.84,42.0,4.0
102181482_044854031016_2017-09-30,0.0,0.9967,1083516.0,0.8342,0.0028,37521.0,3.46,41.0,4.0
009068845_068013000163_2017-06-30,0.0,0.9998,46340.0,0.7922,0.0002,109.0,0.24,0.0,0.0
009550230_044854001636_2016-06-30,0.6,0.758,40000.0,0.5906,0.1122,56106.0,140.26,39.0,4.0
009550230_044854001636_2017-09-30,0.0,0.999,1051016.0,1.0,0.001,12686.0,1.21,106.0,11.0
009068768_068054000282_2015-12-31,0.0,0.9999,46340.0,0.9978,0.0001,50.0,0.11,105.0,10.0
009068769_068054023761_2015-12-31,0.0,0.9989,1679626.0,0.9443,0.0011,22174.0,1.32,32.0,3.0
009068769_068054023761_2016-03-31,0.0,0.997,20000.0,0.8831,0.0026,661.0,3.3,113.0,11.0
100335272_045813031029_2016-09-30,0.0,1.0,60000.0,1.0,0.0,32.0,0.05,1.0,0.0
009068770_068013000101_2017-09-30,0.0,0.9999,19622.0,1.0,0.0001,12.0,0.06,75.0,8.0
009068772_068054023865_2015-09-30,3.6,0.1454,1243516.0,0.8128,0.1356,2107330.0,169.47,4.0,0.0
114613448_168354031040_2015-09-30,6.1,0.029,1068016.0,0.8602,0.0749,999869.0,93.62,40.0,0.0
009068772_068013000103_2017-06-30,0.0,0.9828,250000.0,0.9278,0.0156,48686.0,19.47,5.0,0.0
009068772_068054023865_2018-03-31,0.0,0.9947,250000.0,1.0,0.0052,16252.0,6.5,5.0,0.0
100969263_043413031002_2016-06-30,4.6,0.0766,1058516.0,0.3256,0.038,503219.0,47.54,58.0,2.0
011585980_055654031102_2016-12-31,0.0,0.9999,60000.0,0.9893,0.0001,80.0,0.13,44.0,4.0
008729810_067954031080_2018-06-30,0.0,0.9937,1068516.0,0.8712,0.0055,72837.0,6.82,0.0,0.0
009069599_068054023895_2017-12-31,0.0,0.9987,60000.0,0.9966,0.0013,955.0,1.59,36.0,4.0
110943563_034613031809_2016-09-30,0.1,0.9756,1099166.0,0.0,0.0,0.0,0.0,146.0,15.0
010938497_045813001271_2017-12-31,0.0,0.9934,1413516.0,0.9191,0.006,105468.0,7.46,4.0,0.0
100670543_067951023824_2017-06-30,4.9,0.0652,1075516.0,0.2917,0.0322,432251.0,40.19,32.0,1.0
100670543_067951023824_2018-03-31,3.2,0.1832,1045666.0,0.0,0.0,0.0,0.0,399.0,28.0
010938513_045813001303_2016-06-30,0.0,0.9941,400000.0,1.0,0.0059,29290.0,7.32,6.0,1.0
100884818_067954031167_2016-12-31,0.0,0.9996,600000.0,0.9478,0.0004,2818.0,0.47,0.0,0.0
010938542_045813001364_2015-12-31,0.0,0.996,200000.0,0.9982,0.004,9996.0,5.0,157.0,16.0
100890086_067954031162_2017-09-30,0.0,0.9815,15000.0,0.9269,0.0167,3127.0,20.84,136.0,14.0
010938551_045813001391_2017-06-30,0.0,1.0,158000.0,0.9906,0.0,54.0,0.03,10.0,1.0
109388610_109613024076_2017-12-31,0.0,0.9904,66000.0,0.8051,0.0076,6245.0,9.46,123.0,12.0
010938548_045813001377_2016-06-30,0.0,0.9886,40000.0,0.995,0.0111,5559.0,13.9,78.0,8.0
112293951_168410031864_2015-12-31,0.7,0.6972,1068516.0,0.0596,0.0133,177094.0,16.57,31.0,3.0
011596049_055654002323_2017-09-30,0.0,0.9973,40000.0,0.8739,0.0023,1166.0,2.91,0.0,0.0
101197256_068054024059_2015-09-30,0.0,0.9936,1043516.0,0.0,0.0,0.0,0.0,0.0,0.0
011586309_055654031028_2017-09-30,1.2,0.543,1073016.0,0.5568,0.1534,2057489.0,191.75,24.0,2.0
102513787_128054031036_2017-06-30,0.0,0.9999,20000.0,0.9892,0.0001,19.0,0.09,1.0,0.0
009854847_113454001233_2018-03-31,0.0,0.9999,60000.0,1.0,0.0001,78.0,0.13,285.0,28.0
106598814_045454031243_2017-09-30,7.1,0.0137,1061516.0,0.7611,0.0453,601605.0,56.67,49.0,0.0
114645502_168354031047_2017-12-31,0.1,0.9627,1701226.0,0.9671,0.0345,733767.0,43.13,1.0,0.0
102852696_037413023944_2017-12-31,0.0,0.9997,167000.0,0.9897,0.0003,620.0,0.37,7.0,1.0
011596292_055654001022_2015-09-30,0.0,0.9991,1050016.0,0.9539,0.0008,10874.0,1.04,93.0,9.0
010940795_045813001744_2015-09-30,0.0,0.9798,1702026.0,0.6104,0.012,255465.0,15.01,16.0,2.0
010940817_045813001831_2017-09-30,0.0,0.9992,275000.0,0.9844,0.0008,2868.0,1.04,6.0,1.0
007229494_109654001505_2018-06-30,0.0,0.9963,1126016.0,0.707,0.0026,36623.0,3.25,7.0,1.0
008730205_067954031010_2017-12-31,0.6,0.7437,625000.0,0.594,0.1177,919768.0,147.16,3.0,0.0
104322298_045813031633_2016-09-30,0.0,0.9946,1143516.0,0.9257,0.005,70837.0,6.19,17.0,2.0
104374737_045813031668_2015-12-31,0.0,0.9992,20000.0,0.9903,0.0008,206.0,1.03,425.0,42.0
009069783_068054000349_2017-09-30,0.0,0.9998,240000.0,0.9995,0.0002,714.0,0.3,163.0,16.0
011586468_055613001077_2016-06-30,0.0,0.9805,48750.0,0.8007,0.0152,9280.0,19.04,526.0,52.0
010938571_045813001513_2018-03-31,0.0,0.9999,26000.0,1.0,0.0001,44.0,0.17,74.0,7.0
009069789_068054000352_2016-12-31,0.0,0.9999,103400.0,0.9716,0.0001,134.0,0.13,64.0,6.0
010941619_045813031503_2016-09-30,0.0,0.9984,40000.0,0.9808,0.0015,770.0,1.92,45.0,4.0
114319685_109951023906_2016-09-30,0.1,0.9642,1068516.0,0.9689,0.0332,442941.0,41.45,31.0,3.0
101229332_068013031124_2017-09-30,0.0,0.9839,1679626.0,0.9066,0.0142,298672.0,17.78,31.0,3.0
007229590_109654001517_2017-06-30,0.0,0.9975,30000.0,0.997,0.0025,945.0,3.15,41.0,4.0
008730405_067954031172_2018-03-31,0.0,0.9992,105000.0,0.9149,0.0007,950.0,0.9,13.0,1.0
100683181_113454031003_2017-09-30,0.0,0.9942,200000.0,0.9408,0.0054,13564.0,6.78,17.0,2.0
009069800_068054000362_2018-03-31,0.0,0.9995,30571.0,1.0,0.0005,207.0,0.68,-0.0,-0.0
009068776_068054000047_2016-12-31,0.0,0.9938,80000.0,0.9496,0.0058,5823.0,7.28,19.0,2.0
114761364_168354031065_2016-09-30,4.1,0.1077,1068516.0,0.8735,0.1205,1609555.0,150.63,1.0,0.0
114694854_109913023886_2017-09-30,0.0,0.9964,1049016.0,0.9299,0.0033,43858.0,4.18,295.0,29.0
114694854_109913023886_2017-06-30,0.8,0.682,1056016.0,0.5528,0.127,1676523.0,158.76,62.0,6.0
101512847_067951023816_2017-09-30,2.3,0.3019,1674626.0,0.7263,0.1876,3927301.0,234.52,32.0,3.0
101753846_067951023818_2016-09-30,0.0,0.9998,123400.0,0.9999,0.0002,276.0,0.22,12.0,1.0
101653937_113354031062_2017-09-30,0.0,0.9995,24375.0,0.9866,0.0005,149.0,0.61,0.0,0.0
009068899_068054023875_2015-09-30,3.4,0.1593,1261016.0,0.8339,0.1479,2331553.0,184.89,5.0,0.0
010941664_045854031150_2016-06-30,0.0,0.9998,100000.0,0.9806,0.0002,249.0,0.25,1.0,0.0
101264385_043413031023_2015-12-31,0.0,0.9987,65000.0,0.79,0.001,828.0,1.27,78.0,8.0
009068780_068013000111_2017-09-30,0.0,0.9825,50000.0,0.6807,0.0116,7250.0,14.5,39.0,4.0
114856532_109913023889_2016-03-31,0.0,0.9998,75000.0,0.9984,0.0002,158.0,0.21,444.0,44.0
114856532_109913023889_2017-09-30,0.0,0.9925,500000.0,0.8139,0.006,37761.0,7.55,4.0,0.0
101275580_068054024050_2016-12-31,0.0,0.9969,93750.0,0.9934,0.003,3558.0,3.8,25.0,3.0
007229718_109654023763_2015-12-31,2.3,0.3064,1088516.0,0.4755,0.1236,1681874.0,154.51,17.0,1.0
109705586_109613024101_2016-03-31,0.1,0.946,1674626.0,0.7597,0.0386,807165.0,48.2,68.0,7.0
009068904_068054000333_2015-12-31,0.0,0.9996,107928.0,0.9939,0.0004,522.0,0.48,19.0,2.0
011587680_055654002152_2016-03-31,0.2,0.9145,15000.0,0.9988,0.078,14621.0,97.47,1.0,0.0
115824408_168654031052_2017-03-31,0.1,0.9547,3198000.0,0.8355,0.0359,1435726.0,44.89,0.0,0.0
011587835_055654002190_2018-03-31,1.3,0.5159,400000.0,0.6933,0.1942,970853.0,242.71,1.0,0.0
011588121_055651031229_2016-09-30,0.0,0.9992,400000.0,0.9948,0.0008,4212.0,1.05,4.0,0.0
106441117_037454023911_2017-09-30,0.0,0.9947,1093516.0,0.944,0.0049,67246.0,6.15,15.0,1.0
105646281_044813031038_2016-09-30,0.0,0.9967,1949626.0,1.0,0.0033,79383.0,4.07,1.0,0.0
011588134_055613031054_2016-09-30,0.0,0.9995,35000.0,0.9999,0.0005,235.0,0.67,66.0,7.0
011588139_055654031010_2017-06-30,0.1,0.9431,3412500.0,0.8764,0.0467,1994139.0,58.44,0.0,0.0
117000346_128054031054_2018-06-30,0.0,0.999,22000.0,0.6501,0.0007,187.0,0.85,346.0,34.0
115412309_130451031221_2016-09-30,5.7,0.0378,1078516.0,0.0,0.0,0.0,0.0,505.0,7.0
102599874_067951023828_2015-09-30,0.0,0.9927,1000000.0,0.9498,0.0069,85652.0,8.57,2.0,0.0
009068782_068054000206_2016-06-30,0.0,0.9877,1669626.0,0.0,0.0,0.0,0.0,0.0,0.0
101314189_068013031152_2017-12-31,0.0,0.9993,2169626.0,0.6077,0.0004,10748.0,0.5,1.0,0.0
106461541_044813031070_2018-03-31,1.4,0.4887,200000.0,0.7608,0.2154,538488.0,269.24,9.0,1.0
010939548_045854001072_2017-06-30,0.0,0.9999,46740.0,0.9125,0.0001,71.0,0.15,0.0,0.0
115488908_130451031227_2016-12-31,0.0,0.9995,113568.0,0.9765,0.0005,708.0,0.62,11.0,1.0
010938616_045854001270_2016-12-31,0.7,0.7149,40000.0,0.8815,0.1884,94213.0,235.53,37.0,4.0
010938623_045813001864_2017-03-31,0.0,0.994,900000.0,0.9176,0.0054,60964.0,6.77,1.0,0.0
118340436_128054031064_2017-09-30,0.0,0.9997,27089.0,1.0,0.0003,92.0,0.34,36.0,4.0
010940930_045813001694_2015-09-30,0.0,0.9999,6815.0,0.9954,0.0001,6.0,0.09,27.0,3.0
107389004_044813031081_2016-06-30,0.1,0.9392,40000.0,0.6096,0.0346,17309.0,43.27,44.0,4.0
115679973_130454031034_2016-12-31,0.0,0.9996,72800.0,1.0,0.0004,348.0,0.48,1.0,0.0
100495223_068051023804_2015-12-31,0.0,0.983,1701026.0,0.9087,0.0151,321074.0,18.88,1.0,0.0
100521598_068051023808_2017-06-30,0.0,0.9894,1243516.0,0.9092,0.0095,147660.0,11.87,4.0,0.0
108617308_044854031090_2016-06-30,2.1,0.3451,20000.0,0.773,0.21,52505.0,262.53,79.0,7.0
100567511_068054024145_2015-12-31,0.0,0.9999,68122.0,1.0,0.0001,92.0,0.14,47.0,5.0
009068785_068054023764_2017-03-31,0.0,0.9832,1243516.0,0.8731,0.0143,221946.0,17.85,4.0,0.0
009068788_068054023835_2017-09-30,0.0,0.9978,499012.0,0.9408,0.0021,12947.0,2.59,1.0,0.0
114956775_168354031085_2016-06-30,0.4,0.8256,1136016.0,0.5783,0.0847,1202863.0,105.88,45.0,4.0
102765094_067951023836_2018-06-30,0.0,0.9939,60000.0,0.9981,0.006,4481.0,7.47,31.0,3.0
010938635_045813001905_2015-09-30,0.2,0.905,1676226.0,0.0314,0.0027,56540.0,3.37,126.0,13.0
115679973_130413031048_2017-12-31,0.3,0.8609,1682586.0,0.6731,0.0813,1710609.0,101.67,27.0,3.0
110436778_044854031152_2016-03-31,0.0,0.9984,97440.0,0.5206,0.0008,1020.0,1.05,30.0,3.0
011588843_055654002186_2018-03-31,0.6,0.7521,1068516.0,0.6655,0.1287,1719395.0,160.91,65.0,6.0
100588902_068013031040_2016-06-30,6.4,0.0232,62500.0,0.804,0.0642,50124.0,80.2,1.0,0.0
100613170_068054023996_2015-09-30,0.0,0.9954,1043516.0,0.0,0.0,0.0,0.0,106.0,11.0
108006299_117251021932_2016-12-31,0.0,0.997,162960.0,0.9923,0.003,6102.0,3.74,1.0,0.0
011600294_055654031203_2016-12-31,0.0,0.997,162960.0,0.9923,0.003,6102.0,3.74,1.0,0.0
011589213_055613031496_2016-06-30,0.0,0.9997,45000.0,1.0,0.0003,191.0,0.43,30.0,3.0
105400381_045813031760_2017-03-31,0.1,0.96,1068516.0,1.0,0.0382,509625.0,47.69,1.0,0.0
102193785_043454031039_2016-06-30,4.8,0.0692,1078516.0,0.5627,0.0633,853095.0,79.1,25.0,1.0
108978936_037413023907_2015-12-31,0.0,0.997,40000.0,0.9488,0.0028,1424.0,3.56,42.0,4.0
104133230_067951023854_2015-09-30,4.3,0.0944,55000.0,0.4436,0.0569,39145.0,71.17,31.0,1.0
010938764_045813002122_2016-09-30,0.2,0.8996,379000.0,0.6176,0.0558,264386.0,69.76,1.0,0.0
104747141_067951023886_2018-06-30,0.0,0.9998,43483.0,1.0,0.0002,128.0,0.29,0.0,0.0
104747141_067951023886_2018-06-30,0.0,0.9817,1674626.0,0.1464,0.0026,54539.0,3.26,113.0,11.0
104974307_067951023978_2017-12-31,0.0,0.9998,1679626.0,1.0,0.0002,4899.0,0.29,1.0,0.0
111350828_037413023916_2018-06-30,0.0,0.9913,20000.0,0.7959,0.0068,1700.0,8.5,118.0,12.0
010941898_045813001503_2016-03-31,0.0,0.9958,1068516.0,0.0,0.0,0.0,0.0,149.0,15.0
114963312_168354031086_2017-06-30,0.0,0.9894,1068516.0,0.0,0.0,0.0,0.0,0.0,0.0
113214042_163351031035_2015-12-31,0.1,0.9734,72500.0,0.8572,0.022,19920.0,27.48,22.0,2.0
102283131_043451031037_2015-09-30,0.0,0.9846,20000.0,0.5841,0.0088,2201.0,11.0,93.0,9.0
009069018_068054023915_2015-09-30,0.0,0.9996,18215.0,0.9847,0.0004,98.0,0.54,0.0,0.0
101748167_045813031316_2016-03-31,0.0,0.9999,25000.0,1.0,0.0001,25.0,0.1,1577.0,157.0
100630475_068013031041_2018-06-30,0.0,0.9995,19912.0,0.962,0.0005,113.0,0.57,0.0,0.0
011601552_055654031401_2017-03-31,0.0,0.9997,100000.0,0.9929,0.0003,354.0,0.35,18.0,2.0
010938810_045813001248_2016-09-30,0.0,0.9999,100000.0,1.0,0.0001,76.0,0.08,74.0,7.0
010938810_045813031164_2015-12-31,3.4,0.1576,1081016.0,0.1593,0.0281,379129.0,35.07,0.0,0.0
111897645_044854031065_2016-12-31,0.0,0.9999,38000.0,0.936,0.0001,43.0,0.11,329.0,33.0
011601552_055654031401_2016-03-31,0.0,0.9984,1677626.0,0.9767,0.0015,32282.0,1.92,30.0,3.0
009069022_068054023909_2015-09-30,0.0,0.977,1063516.0,0.2291,0.0051,67943.0,6.39,80.0,8.0
009851021_113451001017_2016-12-31,0.0,0.9991,37100.0,0.9763,0.0008,390.0,1.05,48.0,5.0
009069031_068054023934_2015-09-30,0.0,0.9999,50000.0,0.9087,0.0001,41.0,0.08,0.0,0.0
009069088_068054000065_2016-12-31,0.0,0.9997,134000.0,0.9883,0.0003,508.0,0.38,16.0,2.0
009851255_113454001287_2017-06-30,0.0,0.9985,134000.0,0.9238,0.0014,2303.0,1.72,16.0,2.0
010942143_045813031021_2015-12-31,0.0,0.9999,20000.0,1.0,0.0001,32.0,0.16,248.0,25.0
010942158_045854001259_2016-06-30,0.0,0.997,168000.0,1.0,0.003,6252.0,3.72,14.0,1.0
100647850_068013031026_2017-06-30,0.0,0.999,32500.0,0.8868,0.0009,345.0,1.06,44.0,4.0
114534825_044813031143_2017-09-30,0.3,0.8433,40000.0,0.9046,0.1211,60541.0,151.35,36.0,4.0
009851531_113454001360_2017-03-31,0.1,0.9515,1054016.0,0.3093,0.0142,186603.0,17.7,155.0,15.0
011591072_055654002185_2015-12-31,0.0,0.9948,1043516.0,0.8933,0.0046,60285.0,5.78,23.0,2.0
100671099_068051023816_2018-03-31,3.1,0.1893,32361.0,0.9842,0.1958,79219.0,244.8,451.0,33.0
100671099_068051023816_2017-03-31,0.0,1.0,40000.0,0.9938,0.0,23.0,0.06,48.0,5.0
100675319_068054023991_2017-03-31,0.0,0.9991,1068516.0,1.0,0.0009,12448.0,1.16,23.0,2.0
100686727_068054024101_2016-09-30,0.0,0.998,300000.0,0.9242,0.0018,6819.0,2.27,12.0,1.0
103265295_043454031057_2016-03-31,0.0,0.9961,1053016.0,0.0,0.0,0.0,0.0,1.0,0.0
115332006_044854031154_2016-12-31,0.0,0.9998,224999.0,1.0,0.0002,661.0,0.29,11.0,1.0
102164394_045813031374_2016-06-30,0.0,0.9997,47500.0,0.9877,0.0003,202.0,0.43,25.0,3.0
106593905_045813031842_2017-09-30,1.8,0.3889,462320.0,0.8414,0.2359,1363141.0,294.85,3.0,0.0
102194323_055613031169_2018-06-30,0.1,0.9739,75000.0,0.8448,0.0213,19998.0,26.66,36.0,4.0
115632159_045813001861_2016-09-30,0.0,0.9993,16000.0,1.0,0.0007,140.0,0.88,158.0,16.0
103314643_043454031071_2017-12-31,0.0,0.9999,33140.0,0.9944,0.0001,24.0,0.07,10.0,1.0
009851816_113454001317_2016-12-31,0.0,1.0,25000.0,0.9724,0.0,7.0,0.03,138.0,14.0
100702400_068013031130_2016-09-30,0.0,0.9998,40000.0,0.9765,0.0002,98.0,0.25,38.0,4.0
100740010_068054024002_2017-06-30,2.3,0.2935,1093516.0,0.7349,0.1875,2562856.0,234.37,48.0,4.0
102496295_045813031398_2015-12-31,0.0,0.9991,34000.0,0.9505,0.0008,358.0,1.05,142.0,14.0
011591755_055654031126_2017-06-30,0.4,0.7996,100000.0,0.8896,0.146,182477.0,182.48,1.0,0.0
011591798_055654002299_2017-03-31,0.0,0.9993,22500.0,1.0,0.0007,205.0,0.91,58.0,6.0
107793341_067951024144_2016-06-30,0.4,0.8182,205000.0,0.6205,0.0941,241029.0,117.58,11.0,1.0
102315267_055651031283_2016-03-31,0.0,0.9999,25000.0,0.9831,0.0001,37.0,0.15,188.0,19.0
103524428_043454031089_2018-03-31,0.0,0.9995,35000.0,1.0,0.0005,239.0,0.68,45.0,4.0
009068798_068054023794_2016-06-30,0.0,0.9999,159964.0,0.9952,0.0001,166.0,0.1,17.0,2.0
009069191_068054000135_2016-09-30,0.1,0.9627,205000.0,1.0,0.0356,91300.0,44.54,16.0,2.0
011591929_055654001006_2016-06-30,0.4,0.8,50000.0,0.5612,0.0919,57469.0,114.94,40.0,4.0
100778385_068013031180_2016-06-30,0.0,0.9984,1689626.0,0.979,0.0016,32755.0,1.94,13.0,1.0
102289237_064154031174_2018-03-31,4.6,0.0781,1044664.0,0.0,0.0,0.0,0.0,713.0,25.0
107698008_055654031352_2015-12-31,0.0,0.9863,27000.0,1.0,0.0134,4537.0,16.8,73.0,7.0
103688574_043454031117_2016-09-30,0.0,0.9918,1048516.0,0.2842,0.0023,30167.0,2.88,145.0,14.0
112895683_067954031322_2017-03-31,0.0,0.9762,1089516.0,0.1551,0.0036,48725.0,4.47,33.0,3.0
009069206_068054000144_2016-12-31,5.4,0.045,1062266.0,0.69,0.0685,909150.0,85.59,42.0,1.0
011592442_055654031268_2017-03-31,3.5,0.1555,1056416.0,0.5494,0.0959,1266441.0,119.88,62.0,4.0
008449792_116051001279_2017-12-31,0.0,0.9812,1679626.0,0.996,0.0182,382017.0,22.74,40.0,4.0
112985020_067954031323_2018-03-31,0.0,0.9972,50000.0,0.9666,0.0027,1669.0,3.34,39.0,4.0
107831924_055654031323_2016-06-30,0.0,0.9863,27000.0,0.7587,0.0102,3439.0,12.74,73.0,7.0
100805898_068013031069_2018-03-31,0.0,1.0,50000.0,1.0,0.0,25.0,0.05,51.0,5.0
112523286_068310036277_2015-12-31,0.0,0.999,20000.0,0.7591,0.0008,196.0,0.98,1.0,0.0
102361319_064154031403_2016-12-31,1.8,0.3981,1056016.0,0.4088,0.1151,1519159.0,143.86,1.0,0.0
103853399_043413031199_2017-12-31,0.0,0.9997,171000.0,1.0,0.0003,594.0,0.35,1.0,0.0
010939948_045813031335_2016-03-31,0.0,0.9997,171000.0,1.0,0.0003,594.0,0.35,1.0,0.0
010939973_045813002099_2017-12-31,0.0,0.9997,119992.0,0.9448,0.0003,427.0,0.36,1.0,0.0
102852147_045813031414_2017-03-31,0.0,0.9973,27000.0,0.8974,0.0024,810.0,3.0,85.0,8.0
105605905_152213031028_2018-03-31,0.0,0.9941,1068016.0,0.547,0.0032,42527.0,3.98,30.0,3.0
011592937_055654031378_2017-03-31,0.0,0.9828,15000.0,0.9262,0.0155,2912.0,19.41,1.0,0.0
102365706_064154031406_2016-06-30,0.1,0.967,1800426.0,0.8242,0.0261,588013.0,32.66,1.0,0.0
009069288_068054000174_2017-12-31,1.1,0.5827,5993516.0,0.4871,0.1296,9713087.0,162.06,1.0,0.0
011584444_055654031114_2015-09-30,0.0,1.0,119992.0,1.0,0.0,63.0,0.05,11.0,1.0
010939986_045813001357_2015-12-31,2.4,0.282,52500.0,0.1623,0.0406,26672.0,50.8,31.0,3.0
108284615_068054024441_2018-06-30,0.1,0.959,20000.0,0.9707,0.0379,9473.0,47.37,0.0,0.0
108284615_068054024441_2018-06-30,0.0,0.9988,50000.0,0.9718,0.0012,728.0,1.46,0.0,0.0
100853004_068054024008_2015-09-30,0.0,0.9999,50000.0,1.0,0.0001,41.0,0.08,1577.0,157.0
102417702_064154031423_2016-09-30,0.0,0.9995,149000.0,0.9662,0.0005,960.0,0.64,31.0,3.0
010944729_045813002067_2016-09-30,0.0,0.9998,149000.0,1.0,0.0002,445.0,0.3,1.0,0.0
108032370_131154031017_2015-09-30,0.1,0.9735,1989626.0,0.5151,0.0132,327324.0,16.45,1.0,0.0
101588537_068013031218_2015-12-31,0.0,0.9993,2669626.0,0.5972,0.0004,13740.0,0.51,0.0,0.0
110835367_051513023817_2015-12-31,0.2,0.9093,1709626.0,0.7487,0.0617,1318414.0,77.12,26.0,3.0
100853004_068054024008_2017-12-31,0.0,0.995,1693626.0,1.0,0.0049,104194.0,6.15,21.0,2.0
101606295_068051023876_2016-03-31,1.4,0.4892,20000.0,0.8023,0.2271,56780.0,283.9,1.0,0.0
011604303_055654031436_2018-06-30,0.0,0.9998,110000.0,1.0,0.0002,218.0,0.2,11.0,1.0
102909890_064154031305_2015-09-30,0.0,0.998,30000.0,0.9873,0.0019,719.0,2.4,73.0,7.0
009853012_113451001021_2016-09-30,0.1,0.9545,30000.0,0.9209,0.0397,14885.0,49.62,73.0,7.0
108452533_068054024491_2017-06-30,0.1,0.9724,3543516.0,0.6411,0.0171,755256.0,21.31,1.0,0.0
108452533_068054024491_2018-06-30,0.0,0.9996,251552.0,0.9459,0.0004,1166.0,0.46,9.0,1.0
111235850_051513023823_2016-09-30,0.0,0.9905,1679626.0,0.7095,0.0066,139542.0,8.31,138.0,14.0
111416145_051513023826_2016-09-30,0.0,0.9945,250000.0,0.8519,0.0046,14472.0,5.79,1.0,0.0
108276408_055613031351_2016-12-31,0.0,0.9993,250000.0,1.0,0.0007,2282.0,0.91,15.0,2.0
108303131_055613031343_2018-03-31,0.0,0.9893,11985.0,0.9272,0.0098,1461.0,12.19,1.0,0.0
011604303_055654031436_2015-09-30,0.0,0.9998,12502.0,0.9757,0.0002,36.0,0.29,73.0,7.0
009069538_068054000208_2018-03-31,0.0,0.9873,50000.0,0.8631,0.0108,6733.0,13.47,28.0,3.0
010944832_045854001287_2017-12-31,2.3,0.3013,44000.0,0.2102,0.0543,29841.0,67.82,98.0,9.0
010944832_045854001287_2017-03-31,0.0,0.9992,71540.0,0.9517,0.0007,663.0,0.93,27.0,3.0
011604544_055660002195_2016-03-31,0.0,0.9911,1713626.0,1.0,0.0087,187289.0,10.93,9.0,1.0
111416307_051513023827_2015-09-30,0.0,0.9802,3700000.0,0.9172,0.0177,818246.0,22.11,0.0,0.0
100877943_068054024037_2016-03-31,4.8,0.0696,1350000.0,0.8484,0.0956,1613521.0,119.52,2.0,0.0
004529003_051513001001_2017-06-30,0.0,0.9982,1350000.0,1.0,0.0018,30963.0,2.29,1.0,0.0
010447774_064154002252_2015-09-30,0.0,0.9996,25000.0,1.0,0.0004,123.0,0.49,451.0,45.0
010447774_064154002252_2017-03-31,0.0,0.9889,35000.0,0.9182,0.01,4385.0,12.53,1.0,0.0
011604592_055654002060_2015-09-30,0.7,0.7046,277000.0,0.7584,0.166,574941.0,207.56,5.0,1.0
011604598_055654002066_2017-03-31,0.0,0.9999,48004.0,0.9937,0.0001,57.0,0.12,39.0,4.0
112873282_051513023835_2017-09-30,0.0,0.9974,271527.0,0.9562,0.0025,8473.0,3.12,5.0,1.0
102946755_064154031290_2016-06-30,0.0,0.9999,125000.0,0.9919,0.0001,90.0,0.07,18.0,2.0
104026740_059751023857_2017-06-30,0.7,0.7142,1106016.0,0.7531,0.1612,2229195.0,201.55,13.0,1.0
102093924_068051023870_2017-09-30,3.0,0.208,350000.0,0.8471,0.1791,783350.0,223.81,7.0,1.0
108309342_045813001890_2016-06-30,0.2,0.8858,60000.0,0.3388,0.0344,25792.0,42.99,1.0,0.0
113150292_131151031065_2017-03-31,2.7,0.235,90000.0,1.0,0.2274,255841.0,284.27,28.0,2.0
100241645_121251023790_2016-03-31,0.1,0.9397,4369730.0,0.8815,0.0497,2712743.0,62.08,0.0,0.0
100241645_121251023790_2017-12-31,3.4,0.1646,1091016.0,0.6848,0.1242,1693623.0,155.23,14.0,1.0
009064471_068054024100_2017-12-31,0.0,0.999,1243516.0,0.9185,0.0009,13927.0,1.12,4.0,0.0
103275823_064154031306_2015-12-31,0.2,0.9203,1674626.0,0.7392,0.0541,1132037.0,67.6,1.0,0.0
109538877_130554031060_2016-09-30,0.0,0.9999,65000.0,0.9583,0.0001,76.0,0.12,21.0,2.0
103311525_064154031318_2017-12-31,0.0,0.9948,80000.0,0.6755,0.0035,3473.0,4.34,72.0,7.0
103324691_064151031137_2017-09-30,0.0,0.9995,50000.0,1.0,0.0005,299.0,0.6,50.0,5.0
004529556_051551001066_2017-12-31,0.0,0.9997,1689626.0,1.0,0.0003,6555.0,0.39,10.0,1.0
112239870_130513031267_2017-03-31,4.2,0.0965,1048516.0,0.6377,0.0828,1085128.0,103.49,166.0,7.0
108450622_045854031380_2016-12-31,5.9,0.0327,1293516.0,1.0,0.0907,1466510.0,113.37,1.0,0.0
105940274_059754024042_2015-12-31,0.0,0.9957,1143516.0,0.9533,0.004,57504.0,5.03,11.0,1.0
113612485_179854031041_2018-03-31,0.3,0.8557,1671626.0,0.9731,0.1214,2536735.0,151.75,158.0,16.0
113088710_130451031155_2016-12-31,0.0,0.9995,50000.0,0.8566,0.0004,261.0,0.52,1407.0,140.0
108169822_043413031095_2016-06-30,2.3,0.3072,318000.0,0.51,0.1327,527463.0,165.87,1.0,0.0
100967262_068013031070_2017-03-31,2.9,0.2134,1076016.0,0.8476,0.182,2447564.0,227.47,1.0,0.0
104020832_064113031050_2015-09-30,0.0,0.999,2215626.0,1.0,0.001,26436.0,1.19,1.0,0.0
105726189_068054024209_2016-09-30,0.0,0.9995,50000.0,0.9723,0.0005,326.0,0.65,389.0,39.0
114999694_152254031031_2017-06-30,0.0,0.9914,42000.0,0.81,0.0069,3604.0,8.58,101.0,10.0
008452839_116051001002_2017-06-30,0.0,0.9998,381600.0,1.0,0.0002,770.0,0.2,4.0,0.0
101001939_068013031087_2017-06-30,0.0,0.9937,80000.0,0.9878,0.0062,6167.0,7.71,1.0,0.0
100973127_128213031028_2016-06-30,0.1,0.955,1150000.0,0.7966,0.034,488925.0,42.52,2.0,0.0
100195177_056013023793_2018-06-30,0.0,0.9995,87500.0,0.986,0.0005,509.0,0.58,1.0,0.0
104555778_055613031522_2017-09-30,0.0,0.9999,80000.0,0.9643,0.0001,92.0,0.12,24.0,2.0
114851659_188913031044_2016-09-30,0.0,0.9994,324970.0,0.9819,0.0006,2549.0,0.78,0.0,0.0
010448342_064154002259_2016-06-30,0.0,0.9996,70000.0,0.9419,0.0003,300.0,0.43,23.0,2.0
100424164_123351031026_2015-09-30,0.0,0.9998,36000.0,0.7746,0.0002,75.0,0.21,197.0,20.0
104170712_064113031065_2015-09-30,3.8,0.1283,1073516.0,0.6539,0.1004,1347513.0,125.52,24.0,1.0
008721214_068813023839_2017-06-30,0.0,0.9994,484000.0,1.0,0.0006,3886.0,0.8,3.0,0.0
100591225_056054023777_2017-09-30,0.0,0.9991,154000.0,0.988,0.0009,1686.0,1.09,1.0,0.0
100496072_056154023755_2017-06-30,0.0,0.9952,2088610.0,0.7705,0.0037,96236.0,4.61,0.0,0.0
114483967_130451031194_2017-09-30,0.0,0.9999,55078.0,0.9854,0.0001,54.0,0.1,25.0,2.0
008722409_068851000024_2016-09-30,0.0,0.9979,4875000.0,0.9182,0.0019,117894.0,2.42,0.0,0.0
115302175_152254031051_2018-06-30,0.0,0.9999,25000.0,0.9443,0.0001,18.0,0.07,313.0,31.0
003028879_068351000145_2016-06-30,1.9,0.3653,1048516.0,0.5673,0.1567,2054169.0,195.91,157.0,14.0
005391313_060454001230_2018-06-30,4.6,0.0774,5000000.0,0.7885,0.0925,5778356.0,115.57,0.0,0.0
003028913_068351000164_2016-03-31,0.0,0.9976,20000.0,0.6682,0.0016,393.0,1.96,0.0,0.0
003028941_068351000185_2015-12-31,0.0,0.9896,40000.0,0.7824,0.008,4001.0,10.0,51.0,5.0
003028950_068351000190_2016-03-31,3.1,0.1872,50000.0,1.0,0.1976,123483.0,246.97,41.0,3.0
003028993_068351000227_2016-03-31,0.0,0.9959,41172.0,0.4167,0.0017,862.0,2.09,0.0,0.0
111755374_045813032020_2016-03-31,0.0,0.9999,95000.0,1.0,0.0001,60.0,0.06,15.0,2.0
103347090_068054024235_2016-12-31,0.0,0.9999,50000000.0,1.0,0.0001,42893.0,0.09,0.0,0.0
103347090_068054024137_2015-12-31,0.0,0.9997,87500.0,0.7985,0.0002,237.0,0.27,0.0,0.0
010448498_064110008375_2015-12-31,0.0,0.9996,50000.0,1.0,0.0004,224.0,0.45,1.0,0.0
010448500_064154002124_2017-03-31,0.0,0.9991,270000.0,0.9986,0.0009,2905.0,1.08,5.0,0.0
114767211_130451031202_2017-03-31,0.0,0.9993,40000.0,0.9737,0.0007,337.0,0.84,39.0,4.0
004532604_051554001227_2016-03-31,0.0,0.9994,30000.0,0.9164,0.0005,201.0,0.67,103.0,10.0
115150888_188913031024_2016-06-30,0.0,0.9998,3120000.0,0.9997,0.0002,8136.0,0.26,1.0,0.0
115127669_130451031212_2016-09-30,7.3,0.0121,1493516.0,0.9465,0.0517,965397.0,64.64,2.0,0.0
010455606_064154001017_2015-12-31,0.0,0.9997,136500.0,0.9963,0.0003,455.0,0.33,0.0,0.0
113695922_053454023810_2016-12-31,0.0,0.9986,50000.0,0.7077,0.001,618.0,1.24,27.0,3.0
117659535_177354031770_2018-03-31,0.1,0.9561,1674626.0,0.8215,0.0342,716756.0,42.8,68.0,7.0
104806029_064154031429_2015-12-31,0.1,0.9708,45000.0,0.5204,0.0146,8235.0,18.3,49.0,5.0
008723700_068854000012_2016-06-30,0.0,0.9999,22500.0,1.0,0.0001,41.0,0.18,70.0,7.0
003419273_006557023852_2018-03-31,0.4,0.8043,40000.0,0.9886,0.1592,79590.0,198.97,37.0,4.0
008723711_068854000018_2015-09-30,0.1,0.966,599720.0,0.6445,0.021,157363.0,26.24,0.0,0.0
103815509_068054024096_2018-06-30,6.2,0.0259,75000.0,0.7629,0.0637,59677.0,79.57,1.0,0.0
103946863_068054024102_2018-03-31,0.0,0.9931,52000.0,0.8691,0.0059,3846.0,7.4,95.0,9.0
010455621_064151001119_2016-03-31,0.0,1.0,20000.0,0.8096,0.0,2.0,0.01,77.0,8.0
010455638_064154002140_2016-06-30,0.0,1.0,20000.0,0.8096,0.0,2.0,0.01,77.0,8.0
115353230_130451031219_2017-12-31,0.0,0.994,2088610.0,0.9986,0.0059,154198.0,7.38,6307.0,628.0
103989810_068013031224_2016-09-30,0.0,0.9998,35000.0,0.9936,0.0002,76.0,0.22,1.0,0.0
103492128_056154023773_2015-12-31,0.0,0.9997,25000.0,0.9903,0.0003,80.0,0.32,63.0,6.0
105178939_064154031455_2016-09-30,0.0,0.9851,1909626.0,0.8497,0.0124,295260.0,15.46,2.0,0.0
109156799_055613031437_2017-03-31,0.0,0.9791,150000.0,0.8308,0.0169,31625.0,21.08,10.0,1.0
105213026_064154031502_2016-06-30,0.0,0.9994,141000.0,1.0,0.0006,1067.0,0.76,1.0,0.0
100858829_068354023758_2017-09-30,0.9,0.6309,500000.0,1.0,0.2508,1567329.0,313.47,4.0,0.0
118055845_177351031387_2018-03-31,0.0,0.9997,50000.0,0.9725,0.0003,182.0,0.36,21.0,2.0
109430317_012954023798_2015-12-31,0.0,0.976,1709626.0,0.9754,0.0226,483818.0,28.3,1.0,0.0
003023530_068351023857_2015-09-30,0.0,0.9988,750000.0,0.9937,0.0012,11391.0,1.52,2.0,0.0
104729567_056054023817_2016-12-31,0.0,0.9999,79500.0,0.9939,0.0001,55.0,0.07,1576745.0,157070.0
010455737_064154002343_2016-09-30,0.0,0.9996,590000.0,1.0,0.0004,3115.0,0.53,3.0,0.0
010455737_064154002343_2016-09-30,0.0,0.9906,30000.0,0.9617,0.0089,3343.0,11.14,51.0,5.0
010444386_064110006242_2017-06-30,0.0,0.9994,810000.0,0.9779,0.0006,6174.0,0.76,3.0,0.0
010444386_064154031053_2018-06-30,1.2,0.5533,1138516.0,0.3269,0.0894,1272066.0,111.73,9.0,1.0
005065727_071254000052_2017-03-31,2.6,0.2553,180000.0,0.6393,0.1522,342533.0,190.3,9.0,1.0
105301705_064113031178_2017-06-30,0.0,0.9971,2069626.0,0.9738,0.0028,72499.0,3.5,1.0,0.0
115446174_179854031031_2016-09-30,0.0,0.9998,14800.0,1.0,0.0002,35.0,0.23,0.0,0.0
108988477_068054024585_2018-06-30,0.0,0.9999,59500.0,1.0,0.0001,53.0,0.09,1576745.0,157070.0
114113722_128351031114_2018-03-31,0.0,0.9967,21069626.0,0.101,0.0003,85995.0,0.41,0.0,0.0
010444520_064154031057_2016-09-30,1.1,0.5874,1129016.0,0.0338,0.009,126456.0,11.2,1.0,0.0
105383444_064113031148_2018-06-30,0.0,0.9942,200000.0,0.8863,0.0051,12804.0,6.4,31.0,3.0
109380668_055654031407_2018-03-31,0.0,0.9998,200000.0,1.0,0.0002,554.0,0.28,1.0,0.0
008723800_068854000071_2017-09-30,0.0,0.9977,268050.0,0.696,0.0016,5263.0,1.96,6.0,1.0
107846460_146851031017_2018-03-31,6.3,0.0237,1058516.0,0.7547,0.0607,803617.0,75.92,52.0,0.0
100295887_064154031014_2016-12-31,0.0,0.9998,400000.0,0.3826,0.0001,313.0,0.08,1.0,0.0
005065810_071254000067_2016-03-31,0.0,0.9989,150000.0,0.8492,0.0009,1752.0,1.17,14.0,1.0
114988406_185613031007_2016-09-30,0.2,0.9275,2049626.0,0.2848,0.0191,488644.0,23.84,1.0,0.0
115195089_185654031005_2016-03-31,0.0,0.9999,50000.0,0.9973,0.0001,61.0,0.12,50.0,5.0
108799726_0560PCL00001_2016-06-30,2.1,0.3282,1063516.0,0.5626,0.1502,1997077.0,187.78,100.0,9.0
005065854_071254000107_2015-09-30,6.8,0.0177,1067516.0,0.9861,0.0687,916489.0,85.85,44.0,0.0
008723813_068854000079_2017-03-31,8.0,0.0058,1103516.0,0.9313,0.0263,362205.0,32.82,10.0,0.0
100246691_006513023767_2015-09-30,1.6,0.4351,1053516.0,0.6795,0.1933,2545233.0,241.59,104.0,10.0
113479400_132713031062_2015-09-30,0.0,0.9864,48000.0,0.7889,0.0105,6282.0,13.09,1.0,0.0
008723822_068851000013_2017-09-30,0.8,0.6691,1056016.0,0.4605,0.1084,1431372.0,135.54,64.0,6.0
008723822_068851000013_2018-06-30,3.7,0.1327,2793516.0,0.0,0.0,0.0,0.0,0.0,0.0
008723874_068851000028_2016-06-30,5.9,0.0331,1307516.0,0.7836,0.0713,1165375.0,89.13,3.0,0.0
105481891_064113031164_2016-03-31,0.0,0.993,145000.0,0.8806,0.0061,11075.0,7.64,17.0,2.0
008723902_068851000040_2015-12-31,2.3,0.3039,90000.0,0.9322,0.2415,271653.0,301.84,16.0,1.0
115510625_185654031015_2017-06-30,1.0,0.6153,90000.0,0.9751,0.2499,281101.0,312.33,16.0,2.0
107384904_051513023786_2016-03-31,0.1,0.9525,50000.0,0.76,0.0341,21330.0,42.66,52.0,5.0
015025212_068154001388_2018-03-31,0.0,0.9993,6043516.0,0.8997,0.0007,50036.0,0.83,0.0,0.0
110412154_055613031572_2017-06-30,0.0,0.9998,40000.0,1.0,0.0002,93.0,0.23,39.0,4.0
111840442_128313031208_2018-03-31,0.0,0.9999,2869626.0,0.9665,0.0001,2107.0,0.07,0.0,0.0
010449416_064113031056_2016-09-30,0.5,0.7991,1068516.0,0.4242,0.0697,931561.0,87.18,1.0,0.0
107703272_068013031493_2016-03-31,0.0,0.9813,100000.0,0.8574,0.0156,19519.0,19.52,19.0,2.0
105618398_064154031474_2015-09-30,0.0,0.9998,171000.0,1.0,0.0002,324.0,0.19,1.0,0.0
015025343_068113031657_2016-06-30,0.1,0.9558,630000.0,1.0,0.0419,330042.0,52.39,2.0,0.0
108873928_146813031017_2016-09-30,1.9,0.3759,1068516.0,0.0,0.0,0.0,0.0,31.0,3.0
108873928_146813031017_2017-09-30,0.0,0.9849,45000.0,1.0,0.0148,8315.0,18.48,31.0,3.0
102962596_130513031026_2016-06-30,0.0,0.9889,99708.0,0.4965,0.0054,6719.0,6.74,20.0,2.0
103230322_130554031017_2016-06-30,0.0,0.9999,9990.0,0.9297,0.0001,13.0,0.13,131.0,13.0
111174837_055651031314_2016-06-30,0.0,1.0,710000.0,0.9929,0.0,412.0,0.06,466.0,46.0
111174837_055651031314_2016-12-31,0.0,0.9991,32253.0,0.613,0.0005,214.0,0.66,74.0,7.0
111976507_128354031098_2017-03-31,2.2,0.3219,150000.0,1.0,0.2651,497094.0,331.4,1.0,0.0
115444668_012913023889_2017-12-31,0.0,0.9997,21160.0,1.0,0.0003,81.0,0.38,1.0,0.0
005065969_071251000113_2016-12-31,5.7,0.0381,1068516.0,0.9167,0.087,1161934.0,108.74,25.0,0.0
108377437_051513023794_2017-06-30,2.3,0.3091,1070016.0,0.8224,0.2146,2869763.0,268.2,1.0,0.0
015025922_068113031483_2015-12-31,2.5,0.2744,500000.0,0.9695,0.2396,1497668.0,299.53,5.0,0.0
115911344_185654031023_2017-06-30,0.0,0.9921,1679626.0,0.7722,0.0061,127058.0,7.56,32.0,3.0
108061246_068054024395_2018-06-30,0.0,0.9967,1048516.0,0.8245,0.0027,35852.0,3.42,169.0,17.0
116754405_128354031115_2018-03-31,0.0,0.9996,50000.0,0.9662,0.0004,266.0,0.53,119.0,12.0
114663250_056113023816_2015-12-31,3.6,0.1398,50000.0,0.3966,0.0644,40278.0,80.56,46.0,3.0
110171086_068051024628_2017-09-30,0.0,0.9812,1684626.0,0.5822,0.0106,224177.0,13.31,21.0,2.0
010445526_064154031347_2016-03-31,0.0,0.9939,27000.0,0.7191,0.0043,1458.0,5.4,51.0,5.0
100329385_068854031002_2016-12-31,1.3,0.5251,50000.0,0.7004,0.1952,122000.0,244.0,32.0,3.0
001677730_013654001165_2016-06-30,5.2,0.0521,199000.0,0.3783,0.039,97088.0,48.79,9.0,0.0
010445703_064154002127_2016-03-31,0.0,0.9989,330000.0,1.0,0.0011,4423.0,1.34,15.0,2.0
116769704_185654031038_2018-06-30,4.4,0.0874,1518516.0,0.0,0.0,0.0,0.0,2.0,0.0
101325802_071251024112_2015-12-31,0.0,0.9999,4000000.0,0.8495,0.0,2273.0,0.06,1.0,0.0
105878812_064113031172_2016-06-30,0.0,0.9952,44000.0,1.0,0.0048,2624.0,5.96,1.0,0.0
015026477_068113031306_2015-12-31,0.0,0.9999,25000.0,1.0,0.0001,20.0,0.08,0.0,0.0
005066145_071251000261_2017-12-31,0.0,0.9999,14000.0,1.0,0.0001,18.0,0.13,108.0,11.0
010450327_064113001040_2016-03-31,0.0,0.9994,7500.0,0.9192,0.0006,52.0,0.7,214.0,21.0
115524412_165813031033_2017-12-31,0.0,0.9894,1679626.0,0.0,0.0,0.0,0.0,32.0,3.0
010445802_064154002195_2017-06-30,0.0,1.0,250000.0,0.9995,0.0,86.0,0.03,8809.0,877.0
103888293_135454031048_2016-12-31,0.0,0.9999,60000.0,1.0,0.0001,40.0,0.07,1.0,0.0
105968852_064113031187_2017-06-30,6.4,0.0229,198000.0,0.5783,0.0459,113517.0,57.33,8.0,0.0
105979038_064154031500_2016-06-30,0.0,0.9997,59250.0,0.9872,0.0003,249.0,0.42,24.0,2.0
104697380_137454031018_2016-09-30,0.1,0.959,72000.0,0.6967,0.0272,24496.0,34.02,27.0,3.0
115774838_165854031020_2016-09-30,0.0,0.9857,100000.0,1.0,0.014,17475.0,17.48,16.0,2.0
015026946_068154001016_2017-09-30,0.0,0.999,2119626.0,0.9303,0.0009,24069.0,1.14,1.0,0.0
115779257_165813031041_2016-09-30,0.0,0.9999,50000.0,0.953,0.0001,79.0,0.16,0.0,0.0
101713052_071254023831_2015-12-31,0.1,0.9757,114600.0,1.0,0.0236,33754.0,29.45,1.0,0.0
114917041_146851031064_2018-06-30,0.0,0.9988,50000.0,0.9872,0.0012,749.0,1.5,25.0,3.0
005066175_071251000286_2015-12-31,0.0,0.9997,120750.0,1.0,0.0003,517.0,0.43,0.0,0.0
005066181_071251000292_2018-03-31,0.0,0.9999,3000.0,1.0,0.0001,3.0,0.11,526.0,52.0
010445963_064154031193_2017-06-30,0.2,0.8921,16043516.0,0.0,0.0,0.0,0.0,0.0,0.0
114663187_055613031595_2016-12-31,0.0,0.9953,27000.0,0.966,0.0045,1525.0,5.65,91.0,9.0
100237578_111054031000_2017-12-31,0.0,0.9986,2087663.0,1.0,0.0014,36809.0,1.76,1576745.0,157067.0
102279835_053454023788_2018-06-30,0.0,0.9947,50000.0,0.9905,0.0052,3274.0,6.55,61.0,6.0
116959163_165854031040_2016-12-31,0.0,0.9995,50000.0,0.6824,0.0003,207.0,0.41,1.0,0.0
007632384_059751001274_2016-03-31,0.0,0.9997,20000.0,0.9932,0.0003,71.0,0.36,133.0,13.0
114591577_180654031033_2016-09-30,7.1,0.0139,338820.0,0.7668,0.0461,195169.0,57.6,1.0,0.0
003470147_056151024072_2018-03-31,5.8,0.0337,338820.0,0.7752,0.0709,300379.0,88.65,1.0,0.0
103269225_071213023798_2016-09-30,0.0,0.9909,1343516.0,0.9405,0.0084,141371.0,10.52,3.0,0.0
100760961_064154031091_2015-12-31,0.0,0.9997,1543516.0,0.9839,0.0003,4967.0,0.32,1.0,0.0
105413034_130551031012_2018-06-30,0.0,0.9999,4543516.0,1.0,0.0001,6738.0,0.15,1577.0,157.0
100776684_064154031087_2017-06-30,0.0,0.9982,2088610.0,0.3203,0.0006,15297.0,0.73,842.0,84.0
103373217_071254023841_2015-12-31,0.7,0.6897,1158516.0,0.7473,0.169,2447770.0,211.28,5.0,0.0
100038245_052654023752_2018-03-31,0.0,0.9995,1068516.0,0.9219,0.0005,6014.0,0.56,24.0,2.0
003028380_068313000014_2017-03-31,0.2,0.9226,5543516.0,0.0,0.0,0.0,0.0,0.0,0.0
010450557_064154031351_2016-12-31,0.0,0.9991,2669626.0,0.0,0.0,0.0,0.0,609.0,61.0
114519327_145310038207_2018-03-31,0.1,0.9675,1671066.0,0.5898,0.0184,384921.0,23.03,260.0,26.0
114671012_180654031004_2017-12-31,0.0,0.9985,539000.0,0.9564,0.0015,9908.0,1.84,0.0,0.0
007632773_059754001217_2015-12-31,6.4,0.0228,1083516.0,0.9059,0.0717,971328.0,89.65,18.0,0.0
005285059_079254000030_2017-06-30,0.0,0.9994,50000.0,0.859,0.0005,305.0,0.61,730.0,73.0
106807881_073451023895_2015-09-30,0.0,0.9983,2087663.0,0.7188,0.0012,31725.0,1.52,6307.0,628.0
106807881_073451023895_2015-12-31,0.0,0.9975,2087663.0,1.0,0.0024,63670.0,3.05,1576745.0,157065.0
003028398_068313000027_2016-12-31,0.0,0.9997,3543516.0,1.0,0.0003,11610.0,0.33,0.0,0.0
003028410_068313000037_2018-06-30,0.0,0.9989,27000.0,0.776,0.0008,283.0,1.05,0.0,0.0
003028417_068313000042_2017-03-31,0.0,0.9998,50000.0,0.9937,0.0002,100.0,0.2,60.0,6.0
001683666_013610005965_2016-06-30,1.6,0.4459,50000.0,0.6468,0.1841,115079.0,230.16,32.0,3.0
106165259_064113031194_2017-03-31,0.0,0.9994,8543516.0,0.8217,0.0005,53307.0,0.62,0.0,0.0
106198123_064113031215_2017-06-30,0.0,0.9995,172500.0,0.7405,0.0004,768.0,0.45,8.0,1.0
100264687_079213023767_2017-03-31,0.7,0.6985,1093516.0,0.9609,0.2133,2915412.0,266.61,1.0,0.0
104761385_071213023808_2017-06-30,0.0,0.9998,168900.0,1.0,0.0002,339.0,0.2,1.0,0.0
010447601_064113001052_2016-09-30,0.0,0.9998,43396.0,0.9699,0.0001,80.0,0.18,0.0,0.0
015032362_068154001397_2015-09-30,0.0,0.9999,70000.0,1.0,0.0001,68.0,0.1,24.0,2.0
106258486_064113031216_2016-06-30,0.0,0.9996,265200.0,1.0,0.0004,1351.0,0.51,9.0,1.0
015032407_068154001266_2017-06-30,0.0,0.9995,50000.0,0.9331,0.0005,290.0,0.58,32.0,3.0
010451107_064110007495_2017-06-30,0.2,0.9193,1669866.0,0.73,0.054,1127456.0,67.52,1.0,0.0
102803950_005910024669_2018-03-31,0.0,0.9998,5543516.0,0.9831,0.0002,11740.0,0.21,0.0,0.0
109294348_068354023806_2017-03-31,0.0,0.9996,172500.0,0.5187,0.0002,482.0,0.28,21.0,2.0
104333046_068813023787_2017-12-31,5.1,0.0543,1995000.0,1.0,0.1044,2602308.0,130.44,1.0,0.0
010451330_064154031103_2015-12-31,0.0,0.999,50000.0,0.978,0.0009,585.0,1.17,20.0,2.0
003028674_068354000011_2016-09-30,0.1,0.9707,1044116.0,0.9016,0.0255,332546.0,31.85,2048.0,204.0
114637301_165954031000_2015-12-31,0.0,0.996,172500.0,0.9374,0.0037,7929.0,4.6,21.0,2.0
106342182_052613023790_2017-12-31,0.0,0.9996,30000.0,0.9703,0.0004,149.0,0.5,58.0,6.0
105920207_071254023892_2016-03-31,0.0,0.9994,30000.0,0.9748,0.0006,222.0,0.74,58.0,6.0
103212156_068113031152_2015-09-30,0.0,0.9998,3469626.0,0.6223,0.0001,5164.0,0.15,0.0,0.0
003471775_056151000009_2018-06-30,0.0,0.9978,1045266.0,0.7364,0.0016,21044.0,2.01,451.0,45.0
010451462_064154001043_2015-12-31,0.0,0.9996,45000.0,1.0,0.0004,222.0,0.49,0.0,0.0
003028678_068354000015_2017-09-30,0.0,0.9976,5000.0,0.9731,0.0024,147.0,2.95,324.0,32.0
003471779_056151000012_2017-12-31,0.0,0.9999,1058516.0,0.9927,0.0001,1114.0,0.11,30.0,3.0
101465506_064154031164_2016-03-31,0.0,0.9999,30000.0,0.9923,0.0001,39.0,0.13,25.0,2.0
110246383_073410026439_2018-06-30,0.0,1.0,30000.0,0.9063,0.0,13.0,0.04,44.0,4.0
103028298_079213023781_2017-12-31,4.2,0.0977,1443516.0,0.316,0.0413,745374.0,51.64,2.0,0.0
105938178_071254023878_2016-06-30,7.3,0.0118,1443516.0,0.2472,0.0132,238665.0,16.53,2.0,0.0
113499126_079254025633_2017-09-30,1.1,0.5609,225200.0,0.7982,0.2169,610502.0,271.09,1.0,0.0
101562729_064154031151_2017-03-31,0.0,0.9998,50000.0,1.0,0.0002,156.0,0.31,272.0,27.0
110246383_073410026439_2018-03-31,0.0,0.999,300000.0,1.0,0.0009,3561.0,1.19,4.0,0.0
105938178_071254023878_2016-12-31,0.0,0.9997,3369626.0,0.6418,0.0002,8550.0,0.25,0.0,0.0
003028698_068354000031_2016-03-31,0.0,0.9933,294876.0,0.9729,0.0064,23692.0,8.03,6.0,1.0
003028698_068354000031_2017-03-31,0.0,0.9968,172500.0,0.9803,0.0031,6651.0,3.86,23.0,2.0
002681490_086313000026_2018-03-31,0.0,0.9991,20000.0,0.8871,0.0008,206.0,1.03,1.0,0.0
110397724_073410026567_2017-12-31,0.0,0.9999,50000.0,1.0,0.0001,32.0,0.06,1577.0,157.0
100399193_071251023987_2015-12-31,5.7,0.0381,1154016.0,0.6859,0.0651,938844.0,81.35,7.0,0.0
110263456_068354023847_2017-12-31,0.0,0.9997,50000.0,0.9565,0.0003,185.0,0.37,49.0,5.0
002287794_024013000007_2017-06-30,0.0,0.9998,13543516.0,0.5111,0.0001,16678.0,0.12,1.0,0.0
011561800_068254001483_2018-03-31,0.0,0.9998,13543516.0,0.5111,0.0001,16678.0,0.12,1.0,0.0
011561808_068254001521_2016-09-30,0.0,0.9999,80000.0,0.9878,0.0001,91.0,0.11,0.0,0.0
103628681_079213024509_2016-03-31,2.4,0.2923,787000.0,0.9997,0.2546,2504466.0,318.23,3.0,0.0
103628681_079213024509_2016-09-30,0.0,0.9982,4069626.0,0.9475,0.0017,88324.0,2.17,0.0,0.0
106822721_068851031176_2015-12-31,2.2,0.3236,50000.0,0.3674,0.0976,60997.0,121.99,41.0,4.0
101803042_064154031154_2018-03-31,0.0,0.9996,1969626.0,0.8857,0.0003,7703.0,0.39,1.0,0.0
100476339_071251023945_2017-09-30,5.5,0.0415,58300000.0,0.8527,0.0828,60360965.0,103.54,0.0,0.0
103922357_079213024372_2017-03-31,0.0,1.0,50000.0,0.9914,0.0,28.0,0.06,1577.0,157.0
100506933_071251023850_2017-09-30,0.0,0.9995,26000.0,0.9272,0.0005,163.0,0.63,0.0,0.0
105945711_071254023869_2017-09-30,0.0,0.9936,50000.0,0.6727,0.0042,2656.0,5.31,34.0,3.0
103678783_068154031216_2015-12-31,0.0,0.999,50000.0,0.6665,0.0007,427.0,0.85,34.0,3.0
004833102_092751000201_2018-03-31,0.0,0.9999,60000.0,0.9939,0.0001,88.0,0.15,1336.0,133.0
108669551_130513031231_2016-03-31,0.0,0.999,34000.0,0.9732,0.0009,403.0,1.19,22.0,2.0
015034376_068154001241_2016-09-30,0.0,0.9998,34000.0,0.9886,0.0002,83.0,0.24,1.0,0.0
101605151_013613023784_2015-12-31,0.0,0.998,53700.0,0.9958,0.002,1353.0,2.52,42.0,4.0
101605151_013613023784_2015-12-31,0.0,0.9978,50000.0,0.9775,0.0022,1359.0,2.72,44.0,4.0
015034430_068154001378_2015-12-31,2.1,0.3273,1048516.0,0.3855,0.1028,1347643.0,128.53,172.0,15.0
108722380_068851031219_2018-03-31,2.5,0.2628,1687626.0,0.3769,0.0911,1922295.0,113.91,37.0,3.0
104700864_079213024398_2017-06-30,0.4,0.8106,1393516.0,0.9869,0.1548,2695716.0,193.45,2.0,0.0
104849010_079251024066_2016-03-31,0.0,0.9998,75000.0,0.9882,0.0002,182.0,0.24,37.0,4.0
107694180_071213023821_2017-06-30,0.0,0.9923,1679626.0,0.8763,0.0066,139324.0,8.29,49.0,5.0
102248527_013654031039_2016-03-31,0.0,0.9995,100000.0,0.9874,0.0005,580.0,0.58,23.0,2.0
004833114_092751000207_2017-12-31,0.0,0.9984,100000.0,0.9751,0.0016,1944.0,1.94,17.0,2.0
100519750_068254031030_2015-09-30,0.6,0.7304,2087663.0,0.9846,0.2024,5281355.0,252.98,8.0,1.0
102219575_064154031168_2016-12-31,0.0,0.9985,28000.0,0.8603,0.0013,451.0,1.61,84.0,8.0
102219575_064154031168_2016-03-31,0.0,0.9999,1393516.0,0.8977,0.0001,1855.0,0.13,2.0,0.0
007635765_059751001254_2017-09-30,0.0,0.9999,45000.0,0.0,0.0,0.0,0.0,1577.0,157.0
102244340_064154031266_2017-06-30,0.0,0.9999,1969626.0,0.947,0.0001,1833.0,0.09,1.0,0.0
102244340_064154031266_2018-06-30,0.0,0.9984,1162500.0,0.931,0.0015,21347.0,1.84,7.0,1.0
002681630_086354000025_2016-03-31,0.6,0.7308,1093516.0,0.5343,0.1097,1499636.0,137.14,16.0,2.0
005014140_068554000065_2017-06-30,0.0,0.9945,432000.0,0.9959,0.0054,29043.0,6.72,4.0,0.0
103401486_013613023886_2016-06-30,5.1,0.0557,1543516.0,0.0,0.0,0.0,0.0,3.0,0.0
015029792_068113031105_2017-03-31,0.0,0.9775,1143516.0,0.8722,0.0191,272464.0,23.83,9.0,1.0
100546641_068213031085_2017-06-30,0.0,0.9997,1143516.0,0.996,0.0003,4400.0,0.38,58.0,6.0
002681661_086354000041_2016-09-30,0.0,0.9975,900000.0,1.0,0.0025,27843.0,3.09,2.0,0.0
103760426_068113031205_2018-03-31,0.0,0.9896,170000.0,0.9973,0.0102,21592.0,12.7,27.0,3.0
015029812_068154001316_2017-06-30,0.0,0.9997,100000.0,0.9592,0.0003,391.0,0.39,2094.0,209.0
101121108_068154031040_2016-06-30,0.1,0.9602,1051516.0,0.6877,0.0261,343039.0,32.62,69.0,7.0
105708115_184713031008_2017-09-30,0.0,1.0,45000.0,0.9803,0.0,14.0,0.03,1577.0,157.0
100561145_068254031081_2016-03-31,0.0,0.9998,50000.0,0.9084,0.0002,125.0,0.25,0.0,0.0
103203695_092713023811_2016-09-30,0.0,0.9996,997000.0,1.0,0.0004,4466.0,0.45,2.0,0.0
004833136_092751000219_2016-03-31,0.0,0.9999,200000.0,1.0,0.0001,292.0,0.15,451.0,45.0
103529128_092713023865_2018-06-30,0.0,0.9987,135000.0,0.9575,0.0013,2126.0,1.57,17.0,2.0
100381997_024054023758_2016-03-31,0.0,0.9995,1.0,0.9879,0.0005,0.0,0.59,215.0,21.0
115513100_184713031004_2017-09-30,1.8,0.4052,4543516.0,0.0,0.0,0.0,0.0,1.0,0.0
116334998_144754031074_2018-03-31,0.0,0.998,460000.0,0.8051,0.0016,9059.0,1.97,10.0,1.0
114609162_086313023837_2015-12-31,0.8,0.6564,5943516.0,0.0,0.0,0.0,0.0,0.0,0.0
116733010_144713031102_2017-06-30,0.0,0.9991,225000.0,0.9855,0.0009,2440.0,1.08,12.0,1.0
005015779_068513000003_2017-09-30,0.0,0.9992,27500.0,1.0,0.0008,281.0,1.02,315.0,31.0
108230436_071254023934_2017-09-30,1.2,0.5481,1193516.0,0.3879,0.1065,1588616.0,133.1,533.0,52.0
109805167_135454031051_2017-12-31,1.2,0.5465,160000.0,0.6951,0.191,382032.0,238.77,10.0,1.0
002614764_018557000007_2016-12-31,1.9,0.3669,45000.0,0.9779,0.2705,152139.0,338.09,204.0,19.0
100596134_068213031012_2016-03-31,0.0,0.9886,10000.0,0.9965,0.0112,1398.0,13.98,146.0,15.0
004833138_092751000220_2017-12-31,0.1,0.9635,1061516.0,0.7174,0.0251,332464.0,31.32,30.0,3.0
004833145_092751000223_2015-12-31,0.0,0.9942,100000.0,0.9976,0.0057,7104.0,7.1,17.0,2.0
002681974_086351000105_2018-03-31,3.9,0.1174,3043516.0,0.0,0.0,0.0,0.0,1.0,0.0
002614767_018554000050_2017-03-31,0.0,0.9978,400000.0,0.9791,0.0021,10588.0,2.65,0.0,0.0
011552385_068254001028_2017-03-31,0.0,0.9999,33220.0,1.0,0.0001,25.0,0.08,67.0,7.0
002614770_018554000053_2017-12-31,0.0,1.0,58850.0,1.0,0.0,30.0,0.05,1.0,0.0
106886768_079213024425_2015-12-31,0.7,0.7079,190000.0,0.508,0.1104,262154.0,137.98,0.0,0.0
002138047_016151001143_2016-06-30,0.0,0.9999,155000.0,0.9564,0.0001,112.0,0.07,0.0,0.0
107428628_079213024432_2016-09-30,1.7,0.4097,1068516.0,0.0,0.0,0.0,0.0,53.0,5.0
004833255_092751000271_2017-06-30,0.0,0.9897,1053516.0,0.7153,0.0072,95272.0,9.04,98.0,10.0
103437206_024054023786_2017-06-30,0.0,0.9992,72000.0,1.0,0.0008,762.0,1.06,59.0,6.0
110945609_068113031714_2017-09-30,0.0,0.9991,329000.0,0.5164,0.0005,2003.0,0.61,5.0,0.0
115353784_068854031078_2016-06-30,0.5,0.7613,1061016.0,0.7027,0.1321,1752437.0,165.17,1.0,0.0
114097733_145251031082_2018-03-31,0.0,0.9985,1043516.0,0.95,0.0014,18775.0,1.8,59.0,6.0
002948382_098460001274_2018-03-31,0.2,0.9148,1671626.0,0.8326,0.0648,1353838.0,80.99,0.0,0.0
011552787_068213001206_2016-03-31,1.5,0.4664,1053516.0,0.6507,0.1851,2437217.0,231.34,83.0,8.0
107605799_068254031221_2017-09-30,0.1,0.9368,1673626.0,0.7043,0.0415,867507.0,51.83,82.0,8.0
107996800_079213024437_2015-12-31,2.6,0.2585,68600.0,0.5073,0.1216,104281.0,152.01,24.0,2.0
004833258_092751000272_2015-09-30,6.8,0.017,26250.0,0.8894,0.0606,19880.0,75.73,1.0,0.0
011552851_068254001261_2018-03-31,4.7,0.0736,3043516.0,0.0,0.0,0.0,0.0,1.0,0.0
002682255_086351000218_2018-06-30,0.0,0.9997,30000.0,1.0,0.0003,105.0,0.35,60.0,6.0
101978310_137854031001_2015-12-31,0.0,0.9992,400000.0,0.2509,0.0002,1032.0,0.26,16.0,2.0
100086817_092751023751_2015-12-31,0.0,0.9945,650000.0,1.0,0.0054,44038.0,6.78,3.0,0.0
106904251_182513031016_2016-03-31,0.0,0.9802,1729626.0,0.4926,0.0095,205280.0,11.87,2.0,0.0
107532635_182513031015_2017-12-31,0.0,0.9958,50000.0,0.6175,0.0026,1613.0,3.23,32.0,3.0
101784659_068154031067_2016-09-30,0.0,0.9987,119040.0,0.1815,0.0002,357.0,0.3,49.0,5.0
102292011_121451023852_2016-09-30,0.0,0.9994,39950.0,0.99,0.0006,285.0,0.71,40.0,4.0
011553385_068213001222_2015-12-31,0.0,0.9812,605000.0,0.9779,0.0179,135197.0,22.35,1.0,0.0
